LOCATION,CAR NAME,PRICE IN NAIRA,USE HISTORY,MILAGE,TRANSMISSION
"Lagos State, Kosofe",Hyundai Sonata 2011 Blue,"13,500,000",Foreign Used,169131 km,Automatic
"Lagos State, Lekki",Lexus RX 350 2021 Black,"64,125,000",Foreign Used,39248 km,Automatic
"Lagos State, Ogba",Toyota Corolla 2003 Burgandy,"4,837,500",Local Used,119517 km,Automatic
"Lagos State, Abule Egba",Toyota Camry 2009 Silver,"9,000,000",Local Used,185620 km,Automatic
"Lagos State, Abule Egba",Volvo XC90 2007 Green,"5,400,000",Local Used,316772 km,Automatic
"Abuja (FCT), Wuse",Toyota Venza 2009 Gold,"13,500,000",Local Used,168771 km,Automatic
"Rivers State, Port-Harcourt",Toyota Camry 2009 Silver,"12,375,000",Local Used,246642 km,Automatic
"Lagos State, Ojodu",Ford Escape 2009 Gray,"4,320,000",Local Used,328891 km,Automatic
"Lagos State, Isolo",Kia Optima 2013 Gray,"19,125,000",Foreign Used,80089 km,Automatic
"Lagos State, Ikorodu",Kia Sportage 2012 Black,"6,750,000",Local Used,220074 km,Automatic
"Lagos State, Ikeja",Toyota Camry 2007 Blue,"5,355,000",Local Used,266542 km,Automatic
"Abuja (FCT), Jabi",Toyota RAV4 2010 Blue,"9,562,500",Local Used,153222 km,Automatic
"Abuja (FCT), Karu",Hyundai Santa Fe 2015 Black,"18,000,000",Local Used,115992 km,Automatic
"Lagos State, Ikeja",Toyota Highlander 2006 White,"9,562,500",Local Used,124733 km,Automatic
"Abuja (FCT), Lugbe District",Toyota Corolla 2010 Black,"11,812,500",Foreign Used,433662 km,Automatic
"Abuja (FCT), Lugbe District",Lexus RX 350 2015 Gray,"39,375,000",Foreign Used,129228 km,Automatic
"Lagos State, Ojodu",Hyundai Sonata 2015 Red,"18,000,000",Local Used,170504 km,Automatic
"Lagos State, Ikorodu",Honda Odyssey 2.4 2WD 2007 Blue,"3,375,000",Local Used,301422 km,Automatic
"Lagos State, Alimosho",Mazda MPV 2002 Gold,"3,712,500",Local Used,348135 km,Automatic
"Lagos State, Ikorodu",Toyota 4-Runner 2003 Blue,"4,950,000",Local Used,152341 km,Automatic
"Edo State, Benin City",Toyota Camry 2008 Gray,"7,312,500",Local Used,214417 km,Automatic
"Oyo State, Ibadan",Honda Pilot 2007 Black,"4,162,500",Local Used,173279 km,Automatic
"Lagos State, Ogudu",Toyota Camry 2002 Gray,"5,062,500",Local Used,393053 km,Automatic
"Delta State, Oshimili South",Ford Explorer 2016 Silver,"14,175,000",Local Used,59921 km,Automatic
"Abuja (FCT), Kubwa",Honda Civic 2001 Silver,"2,587,500",Local Used,255565 km,Automatic
"Rivers State, Port-Harcourt",Lexus ES 1999 Gold,"2,475,000",Local Used,Automatic,Automatic
"Lagos State, Amuwo-Odofin",Mercedes-Benz R-Class 2008 Blue,"7,312,500",Local Used,272839 km,Automatic
"Abuja (FCT), Lugbe District",Nissan Pathfinder LE 4x4 2006 Gray,"3,780,000",Local Used,206217 km,Automatic
"Rivers State, Port-Harcourt",Hyundai Accent 2010 Silver,"3,375,000",Local Used,Manual,Manual
"Lagos State, Amuwo-Odofin",Toyota Corolla CE 2007 Gray,"7,875,000",Local Used,329903 km,Automatic
"Lagos State, Yaba",Mercedes-Benz M Class 2012 Gray,"22,500,000",Local Used,247749 km,Automatic
"Lagos State, Yaba",Ford Explorer 2016 Black,"16,875,000",Local Used,132492 km,Automatic
"Enugu State, Enugu",Toyota Camry 2008 Blue,"9,000,000",Local Used,267112 km,Automatic
"Lagos State, Amuwo-Odofin",Chevrolet Uplander Cargo Van FWD 2007 Burgandy,"5,625,000",Local Used,283716 km,Automatic
"Lagos State, Lekki",Kia Sportage 2017 White,"22,500,000",Local Used,43660 km,Automatic
"Rivers State, Port-Harcourt",Nissan Qashqai 2015 Brown,"15,187,500",Local Used,63432 km,Automatic
"Oyo State, Ibadan",Toyota Highlander 2015 Black,"33,750,000",Foreign Used,254996 km,Automatic
"Ogun State, Abeokuta North",Toyota Camry 2006 Gold,"10,125,000",Foreign Used,207397 km,Automatic
"Ogun State, Abeokuta North",Toyota Highlander 2008 Black,"12,375,000",Local Used,113556 km,Automatic
"Oyo State, Ibadan",Acura MDX 2009 Gray,"7,875,000",Local Used,104537 km,Automatic
"Lagos State, Alimosho",Honda Pilot 2011 Red,"9,000,000",Local Used,104465 km,Automatic
"Lagos State, Alimosho",Opel Signum 2005 Red,"4,500,000",Local Used,136822 km,Automatic
"Lagos State, Alimosho",Toyota 4-Runner 2003 Black,"7,312,500",Local Used,204134 km,Automatic
"Lagos State, Ilupeju",Toyota RAV4 2012 Silver,"22,500,000",Foreign Used,85444 km,Automatic
"Lagos State, Ajah",Lexus RX 350 2019 Gray,"50,625,000",Local Used,24651 km,Automatic
"Rivers State, Port-Harcourt",Toyota Camry 2.4 LE 2008 Black,"6,187,500",Local Used,57406 km,Automatic
"Lagos State, Surulere",Nissan Quest 2015 Green,"11,250,000",Local Used,355321 km,Automatic
"Lagos State, Lekki",Lexus IS 2008 Black,"7,650,000",Local Used,92244 km,Automatic
"Abuja (FCT), Central Business District",Mercedes-Benz E350 2012 White,"28,125,000",Local Used,57699 km,Automatic
"Kaduna State, Kaduna / Kaduna State",Toyota Highlander V6 2005 Gold,"6,525,000",Local Used,99999 km,Automatic
"Lagos State, Lekki",Toyota Avensis 2004 Red,"4,500,000",Local Used,338724 km,Automatic
"Oyo State, Ibadan",Toyota Camry 2009 Green,"6,975,000",Local Used,162197 km,Automatic
"Oyo State, Ibadan",Honda Accord 1996 Red,"1,350,000",Local Used,156138 km,Manual
"Oyo State, Ibadan",Nissan Almera 2004 Blue,"3,375,000",Local Used,267118 km,Manual
"Lagos State, Lekki",Toyota RAV4 LE FWD (2.5L 4cyl 6A) 2017 Gray,"24,300,000",Foreign Used,325276 km,Automatic
"Lagos State, Kosofe",Land Rover Range Rover Evoque 2018 White,"33,750,000",Local Used,126854 km,Automatic
"Abuja (FCT), Kubwa",Lexus RX 300 2001 Gray,"3,661,875",Local Used,211688 km,Automatic
"Lagos State, Ikeja",Toyota Sienna 2007 Blue,"10,462,500",Foreign Used,238088 km,Automatic
"Lagos State, Ojodu",Mercedes-Benz GLK-Class 2012 Gray,"16,875,000",Local Used,69112 km,Automatic
"Akwa Ibom State, Uyo",Honda CR-V Automatic 2005 Black,"3,600,000",Local Used,213738 km,Automatic
"Oyo State, Ibadan",Toyota Corolla 2005 Red,"5,062,500",Local Used,462572 km,Automatic
"Lagos State, Ikotun/Igando",Volkswagen Golf 1999 Black,"3,375,000",Local Used,305884 km,Automatic
"Abuja (FCT), Garki 2",Hyundai Accent 2012 Gold,"6,187,500",Local Used,203750 km,Automatic
"Rivers State, Port-Harcourt",Toyota Fortuner 2.7 AWD 2014 White,"15,412,500",Local Used,214791 km,Automatic
"Abuja (FCT), Kubwa",Toyota Camry 2008 Gray,"7,650,000",Local Used,244948 km,Automatic
"Lagos State, Ikorodu",Mazda CX-9 2008 Black,"6,187,500",Local Used,163443 km,Automatic
"Enugu State, Enugu",Acura MDX 2008 Green,"5,625,000",Local Used,350015 km,Automatic
"Lagos State, Lekki",Ford Escape 2014 Black,"8,100,000",Local Used,89621 km,Automatic
"Lagos State, Yaba",Mitsubishi Lancer 2008 Black,"3,375,000",Local Used,177573 km,Automatic
"Ogun State, Abeokuta North",Nissan Primera 2005 Silver,"1,687,500",Local Used,184658 km,Automatic
"Abuja (FCT), Lugbe District",Toyota Camry 2013 Silver,"12,375,000",Local Used,227476 km,Automatic
"Rivers State, Port-Harcourt",Toyota Matrix 2006 Green,"5,625,000",Local Used,139261 km,Automatic
"Abuja (FCT), Gudu",Kia Forte 2010 Silver,"2,812,500",Local Used,265180 km,Automatic
"Lagos State, Ogudu",Toyota Corolla 2005 Gray,"4,612,500",Local Used,197708 km,Automatic
"Lagos State, Lekki",Toyota Venza V6 2010 Silver,"17,690,625",Foreign Used,217038 km,Automatic
"Abuja (FCT), Jabi",Ford Edge 2011 Black,"6,300,000",Local Used,128359 km,Automatic
"Kaduna State, Kaduna / Kaduna State",Toyota Sienna LE 2002 Silver,"3,150,000",Local Used,281861 km,Automatic
"Lagos State, Ojodu",Toyota Camry 2009 Gray,"8,437,500",Local Used,284870 km,Automatic
"Abuja (FCT), Garki 2",Volkswagen Passat 2008 Black,"5,062,500",Local Used,235252 km,Automatic
"Lagos State, Lekki",Toyota RAV4 2007 Black,"9,000,000",Local Used,255085 km,Automatic
"Lagos State, Ajah",Toyota Corolla 2006 Blue,"6,187,500",Local Used,313225 km,Automatic
"Lagos State, Ilupeju",Toyota Camry 2013 Red,"15,750,000",Foreign Used,334192 km,Automatic
"Abuja (FCT), Gwarinpa",Mercedes-Benz GLK-Class 2012 Black,"17,437,500",Local Used,262114 km,Automatic
"Lagos State, Ajah",Toyota Camry 2004 Blue,"4,725,000",Local Used,559878 km,Automatic
"Ogun State, Abeokuta North",Mercedes-Benz M Class 2006 White,"9,000,000",Local Used,340095 km,Automatic
"Abuja (FCT), Asokoro",Mercedes-Benz C180 1999 Silver,"5,625,000",Foreign Used,308073 km,Automatic
"Delta State, Oshimili South",Toyota Highlander 2008 Black,"14,625,000",Local Used,191664 km,Automatic
"Lagos State, Lekki",Toyota Highlander 2008 Black,"10,125,000",Local Used,169994 km,Automatic
"Edo State, Benin City",Land Rover Range Rover Velar 2018 Black,"65,250,000",Local Used,55359 km,Automatic
"Lagos State, Ikoyi",Hyundai Elantra 2010 Gray,"4,500,000",Local Used,247238 km,Automatic
"Abuja (FCT), Gwarinpa",Toyota Camry 2012 Black,"13,950,000",Local Used,371325 km,Automatic
"Abuja (FCT), Gwarinpa",Toyota Matrix 2005 Silver,"5,625,000",Local Used,224510 km,Automatic
"Ogun State, Abeokuta North",Seat Ibiza 1999 Green,"3,150,000",Local Used,12071 km,Manual
"Lagos State, Surulere",Mercedes-Benz M Class 2012 Black,"25,818,750",Foreign Used,261154 km,Automatic
"Lagos State, Amuwo-Odofin",Toyota Corolla 2005 Silver,"3,093,750",Local Used,280866 km,Manual
"Lagos State, Kosofe",Hyundai Sonata 2006 Black,"2,587,500",Local Used,223064 km,Automatic
"Abia State, Aba North",Toyota Highlander 2004 Silver,"7,312,500",Local Used,432587 km,Automatic
"Abia State, Aba North",Mercedes-Benz C300 2008 Gray,"7,762,500",Local Used,Automatic,Automatic
"Lagos State, Surulere",Lexus RX 350 2014 Gray,"27,000,000",Foreign Used,127508 km,Automatic
"Lagos State, Alimosho",Toyota Camry 2005 Gray,"4,050,000",Local Used,265415 km,Automatic
"Kaduna State, Kaduna / Kaduna State",Peugeot 206 2006 Black,"2,830,500",Local Used,99999 km,Automatic
"Kaduna State, Kaduna / Kaduna State",Volkswagen Passat 3.6L V6 GT 2018 White,"39,375,000",Foreign Used,63629 km,Automatic
"Lagos State, Ogudu",Toyota Venza 2010 Silver,"14,625,000",Local Used,133681 km,Automatic
"Lagos State, Yaba",Ford Edge 2008 Black,"5,287,500",Local Used,133449 km,Automatic
"Ogun State, Abeokuta North",Toyota Corolla 2015 Red,"9,000,000",Local Used,223287 km,Automatic
"Abuja (FCT), Kubwa",Lexus ES 2008 Burgandy,"9,000,000",Local Used,71000 km,Automatic
"Abuja (FCT), Kubwa",Toyota Corolla 2004 Gray,"4,725,000",Local Used,62160 km,Automatic
"Rivers State, Port-Harcourt",Toyota Camry 2007 Gold,"6,750,000",Local Used,288420 km,Automatic
"Abuja (FCT), Kubwa",Honda Civic 2007 Blue,"3,600,000",Local Used,98803 km,Automatic
"Lagos State, Ikeja",Honda Odyssey 2003 Black,"2,812,500",Local Used,Automatic,Automatic
"Lagos State, Ojodu",Toyota Camry 2014 Gray,"11,250,000",Local Used,87792 km,Automatic
"Lagos State, Ikotun/Igando",Lexus RX 330 2005 Black,"7,920,000",Local Used,302642 km,Automatic
"Lagos State, Ogba",Lexus ES 2007 Burgandy,"9,675,000",Local Used,113305 km,Automatic
"Lagos State, Lekki",Toyota Land Cruiser Prado 2009 Black,"12,150,000",Local Used,144534 km,Automatic
"Lagos State, Ojodu",Toyota Camry 2005 Gray,"3,543,750",Local Used,11938 km,Automatic
"Rivers State, Port-Harcourt",Toyota Highlander Limited 3.5l 4WD 2013 Gray,"15,778,125",Local Used,109866 km,Automatic
"Lagos State, Ojodu",Toyota Camry Hybrid 2009 Gold,"5,850,000",Local Used,118305 km,Automatic
"Lagos State, Amuwo-Odofin",Lexus GX 2014 Gray,"40,162,500",Local Used,73561 km,Automatic
"Ondo State, Akure",Volvo XC90 2003 Blue,"3,262,500",Local Used,403764 km,Automatic
"Lagos State, Lekki",Lexus RX 350 2014 Gray,"18,450,000",Local Used,62301 km,Automatic
"Edo State, Benin City",Toyota Camry 2008 Red,"6,525,000",Local Used,124695 km,Automatic
"Edo State, Benin City",Toyota Corolla 2005 Silver,"5,850,000",Local Used,172040 km,Automatic
"Edo State, Benin City",Lexus RX 300 2001 Blue,"5,062,500",Local Used,233144 km,Automatic
"Lagos State, Amuwo-Odofin",Toyota Camry 2012 Gray,"16,200,000",Foreign Used,307913 km,Automatic
"Abuja (FCT), Lugbe District",Honda Pilot 2004 Gray,"6,750,000",Local Used,337563 km,Automatic
"Lagos State, Ojodu",Toyota Sienna 2006 Gray,"6,187,500",Local Used,144103 km,Automatic
"Ogun State, Abeokuta North",Honda Accord 2003 Black,"3,375,000",Local Used,537978 km,Automatic
"Lagos State, Lekki",Honda Accord 2018 Black,"20,250,000",Local Used,49739 km,Automatic
"Lagos State, Alimosho",Toyota RAV4 2007 Silver,"7,875,000",Local Used,352181 km,Automatic
"Lagos State, Ilupeju",Toyota Camry 2011 Red,"9,360,000",Local Used,115822 km,Automatic
"Lagos State, Ikotun/Igando",Renault Kangoo 2001 Blue,"1,680,000",Local Used,100000 km,Manual
"Abuja (FCT), Lugbe District",Toyota Sienna 2004 Gray,"4,987,500",Local Used,526077 km,Automatic
"Lagos State, Ikeja",Toyota Sienna 2011 Red,"10,185,000",Local Used,145827 km,Automatic
"Oyo State, Ibadan",Lexus ES 2002 Gray,"4,620,000",Local Used,123401 km,Automatic
"Oyo State, Ibadan",Toyota Camry 2007 Blue,"4,998,000",Local Used,271077 km,Automatic
"Lagos State, Abule Egba",Toyota Camry 2007 Gray,"6,069,000",Local Used,192874 km,Automatic
"Lagos State, Yaba",Toyota Camry 2007 Red,"5,670,000",Local Used,365579 km,Automatic
"Lagos State, Ogudu",Toyota Camry 2007 Gold,"6,720,000",Local Used,113156 km,Automatic
"Abuja (FCT), Gwarinpa",Toyota Highlander 2018 Gray,"28,782,600",Local Used,31147 km,Automatic
"Lagos State, Amuwo-Odofin",Toyota Corolla 2003 Black,"3,927,000",Local Used,221748 km,Automatic
"Abuja (FCT), Gwarinpa",Peugeot 407 2010 Black,"4,935,000",Local Used,720735 km,Automatic
"Abuja (FCT), Gwarinpa",Ford Edge 2012 Black,"5,985,000",Local Used,143526 km,Automatic
"Abuja (FCT), Gwarinpa",Peugeot RC 2011 White,"15,750,000",Foreign Used,135789 km,Manual
"Lagos State, Lekki",Mercedes-Benz GLS-Class 2020 White,"151,725,000",Foreign Used,27651 km,Automatic
"Lagos State, Yaba",Toyota Corolla 2017 Black,"17,680,000",Local Used,21822 km,Automatic
"Oyo State, Ibadan",Toyota RAV4 2012 Black,"16,640,000",Foreign Used,134231 km,Automatic
"Oyo State, Ibadan",Nissan Micra 1999 Red,"2,730,000",Local Used,147786 km,Manual
"Lagos State, Surulere",Toyota Camry 2002 Silver,"3,536,000",Local Used,403316 km,Automatic
"Kaduna State, Kaduna / Kaduna State",Kia Cerato 2011 Black,"3,675,000",Local Used,99999 km,Manual
"Kaduna State, Kaduna / Kaduna State",Toyota Corolla Sedan Automatic 2005 Black,"5,200,000",Local Used,276665 km,Automatic
"Lagos State, Isolo",Toyota Camry 2012 Gray,"12,480,000",Local Used,164625 km,Automatic
"Lagos State, Surulere",Infiniti Q60 2015 Gray,"23,625,000",Foreign Used,268154 km,Automatic
"Lagos State, Ikeja",Ford Edge 2008 Gray,"3,906,000",Local Used,367833 km,Automatic
"Edo State, Benin City",Mercedes-Benz C180 2005 Blue,"3,150,000",Local Used,293034 km,Manual
"Oyo State, Ibadan",Toyota 4-Runner 2003 Gray,"5,250,000",Local Used,20285 km,Automatic
"Ogun State, Abeokuta North",Nissan Almera 1998 Green,"1,785,000",Local Used,302329 km,Manual
"Lagos State, Ikorodu",Toyota Sienna 2004 Gold,"5,250,000",Local Used,113287 km,Automatic
"Oyo State, Ibadan",Lexus NX 2016 Silver,"28,125,000",Local Used,181108 km,Automatic
"Lagos State, Ajah",Mercedes-Benz E350 2014 Brown,"15,600,000",Local Used,121440 km,Automatic
"Lagos State, Lekki",Mitsubishi Pajero 2016 Black,"16,168,950",Local Used,83800 km,Automatic
"Abuja (FCT), Karu",Hyundai Elantra 2017 Gray,"17,680,000",Foreign Used,208840 km,Automatic
"Lagos State, Ilupeju",Toyota Highlander 2018 Silver,"39,520,000",Foreign Used,77539 km,Automatic
"Ogun State, Abeokuta North",Honda Pilot 2011 Silver,"13,125,000",Foreign Used,256139 km,Automatic
"Ogun State, Abeokuta North",Toyota Corolla 2003 Black,"3,675,000",Local Used,299999 km,Automatic
"Abuja (FCT), Asokoro",Mercedes-Benz E350 2010 Black,"11,440,000",Local Used,230580 km,Automatic
"Abuja (FCT), Gudu",Honda Accord 2005 Gold,"2,625,000",Local Used,232645 km,Automatic
"Lagos State, Alimosho",Toyota Camry 2005 Green,"3,885,000",Local Used,116224 km,Automatic
"Lagos State, Alimosho",Kia Rio 2008 White,"3,444,000",Local Used,169196 km,Automatic
"Edo State, Benin City",Lexus RX 330 2005 Blue,"8,190,000",Local Used,196667 km,Automatic
"Imo State, Owerri",Lexus GS 300 Automatic 2006 Blue,"5,935,125",Local Used,311288 km,Automatic
"Abuja (FCT), Jabi",Mercedes-Benz C230 2007 Silver,"3,990,000",Local Used,298387 km,Automatic
"Lagos State, Ojodu",Mitsubishi Pajero 2008 Black,"15,750,000",Local Used,136433 km,Automatic
"Abuja (FCT), Central Business District",Toyota Camry 2020 Black,"31,500,000",Foreign Used,64125 km,Automatic
"Ondo State, Akure",Toyota Camry 2011 Red,"7,800,000",Local Used,342483 km,Automatic
"Lagos State, Ilupeju",Dodge RAM 2011 Silver,"13,335,000",Local Used,216221 km,Automatic
"Lagos State, Alimosho",Toyota Camry 2007 Blue,"7,696,000",Local Used,452885 km,Automatic
"Lagos State, Abule Egba",Toyota RAV4 2002 Gold,"3,087,000",Local Used,255082 km,Automatic
"Lagos State, Ikotun/Igando",Hyundai Sonata 2013 Black,"11,156,250",Foreign Used,223199 km,Automatic
"Ondo State, Akure",Lexus RX 330 2006 Gray,"9,360,000",Local Used,318396 km,Automatic
"Lagos State, Ilupeju",Toyota Camry 2010 Red,"9,360,000",Local Used,167311 km,Automatic
"Lagos State, Lekki",Mercedes-Benz GLE-Class 2020 White,"99,750,000",Foreign Used,62208 km,Automatic
"Rivers State, Port-Harcourt",Toyota Hilux 2013 White,"15,225,000",Local Used,93632 km,Manual
"Abuja (FCT), Lugbe District",Infiniti G35 2006 Gray,"4,200,000",Local Used,258440 km,Automatic
"Lagos State, Yaba",Toyota Highlander 2005 Silver,"4,725,000",Local Used,221075 km,Automatic
"Lagos State, Ojodu",Ford Escape 2013 Gray,"7,800,000",Local Used,236879 km,Automatic
"Enugu State, Enugu",Toyota Corolla 2003 Black,"3,906,000",Local Used,146018 km,Automatic
"Lagos State, Kosofe",Toyota Corolla 2005 Red,"5,720,000",Local Used,280163 km,Automatic
"Abia State, Umuahia",Nissan Pathfinder 2001 Silver,"2,625,000",Local Used,138002 km,Automatic
"Lagos State, Ikeja",Honda Accord 2009 Gray,"4,786,875",Local Used,334670 km,Automatic
"Lagos State, Kosofe",Toyota Highlander 2002 Silver,"4,326,000",Local Used,413265 km,Automatic
"Abuja (FCT), Karu",Hyundai Accent 2008 White,"3,675,000",Local Used,231524 km,Manual
"Abuja (FCT), Garki 2",Honda Pilot 2013 White,"9,951,375",Local Used,103733 km,Automatic
"Abuja (FCT), Kubwa",BMW 3 Series 2006 Gray,"4,725,000",Local Used,227040 km,Automatic
"Ondo State, Akure",Opel Zafira 2005 Blue,"2,730,000",Local Used,154810 km,Automatic
"Lagos State, Isolo",Toyota Avalon 2005 Black,"4,641,000",Local Used,149398 km,Automatic
"Lagos State, Amuwo-Odofin",Toyota Venza 2013 White,"16,059,748",Foreign Used,185524 km,Automatic
"Lagos State, Ikeja",Lexus LS 2007 Green,"5,775,000",Local Used,112376 km,Automatic
"Ogun State, Abeokuta North",Mazda CX-9 2012 Gray,"6,300,000",Local Used,251972 km,Automatic
"Ogun State, Abeokuta North",Mercedes-Benz A-Class 2007 Silver,"3,675,000",Local Used,Manual,Manual
"Ogun State, Abeokuta North",Lexus RX 300 2002 Black,"3,675,000",Local Used,349349 km,Automatic
"Abuja (FCT), Gwagwalada",Toyota Corolla 2005 Gray,"5,200,000",Local Used,473543 km,Automatic
"Lagos State, Lekki",Mercedes-Benz GLE-Class 2018 Black,"52,000,000",Foreign Used,59640 km,Automatic
"Lagos State, Ilupeju",Toyota Camry 2.3 Hybrid 2007 Red,"7,280,000",Local Used,256097 km,Automatic
"Lagos State, Ilupeju",Toyota Camry 2012 Black,"14,560,000",Foreign Used,105239 km,Automatic
"Lagos State, Ajah",Toyota Corolla 2005 Gold,"4,725,000",Local Used,289430 km,Automatic
"Oyo State, Ibadan",Audi Q7 2007 Black,"14,700,000",Local Used,257627 km,Automatic
"Abuja (FCT), Jabi",Mercedes-Benz M Class 2009 Gray,"7,350,000",Local Used,331805 km,Automatic
"Lagos State, Ikeja",Honda Accord 2007 Gray,"2,535,750",Local Used,167112 km,Automatic
"Oyo State, Ibadan",Toyota Carina 1993 Black,"2,520,000",Local Used,265201 km,Manual
"Lagos State, Ikotun/Igando",Hyundai Santa Fe 2017 Gray,"15,750,000",Local Used,107508 km,Automatic
"Oyo State, Ibadan",Toyota Corolla 2004 Silver,"5,928,000",Local Used,133865 km,Automatic
"Abuja (FCT), Karu",Honda CR-V 2009 Black,"5,040,000",Local Used,213521 km,Automatic
"Abuja (FCT), Gwarinpa",Toyota Camry 2007 Gray,"7,280,000",Local Used,166355 km,Automatic
"Lagos State, Magodo",Toyota Corolla 2003 Blue,"4,011,000",Local Used,392585 km,Automatic
"Lagos State, Ogudu",Toyota Highlander 2018 Black,"24,150,000",Local Used,66959 km,Automatic
"Lagos State, Ikeja",Toyota Tacoma 2008 Silver,"12,792,000",Local Used,467090 km,Automatic
"Abuja (FCT), Karu",Toyota Highlander 2008 Black,"12,480,000",Local Used,102352 km,Automatic
"Abia State, Aba North",Lexus RX 300 2000 Gold,"3,360,000",Local Used,320781 km,Automatic
"Rivers State, Port-Harcourt",Mercedes-Benz C350 2008 White,"6,930,000",Local Used,Automatic,Automatic
"Abuja (FCT), Gudu",Honda Accord 2012 Black,"5,145,000",Local Used,269644 km,Automatic
"Lagos State, Isolo",Lexus RX 350 2010 White,"22,880,000",Foreign Used,100348 km,Automatic
"Lagos State, Ilupeju",Volkswagen Passat GLS Sedan 1998 Silver,"2,100,000",Local Used,273313 km,Automatic
"Abuja (FCT), Lugbe District",Toyota Corolla 2010 Gray,"7,488,000",Local Used,372237 km,Automatic
"Lagos State, Abule Egba",Toyota Yaris 2008 Black,"3,375,000",Local Used,133512 km,Automatic
"Lagos State, Ikorodu",Hummer H3 2007 Blue,"7,875,000",Local Used,93214 km,Automatic
"Lagos State, Alimosho",Toyota Highlander 2004 Silver,"6,032,000",Local Used,318687 km,Automatic
"Lagos State, Isolo",Toyota Camry 2000 Black,"2,079,000",Local Used,174979 km,Automatic
"Oyo State, Ibadan",Skoda Rapid 2014 Gray,"3,675,000",Local Used,98453 km,Automatic
"Abuja (FCT), Karu",Honda Civic 2006 Gray,"3,659,250",Local Used,371309 km,Automatic
"Lagos State, Ilupeju",Toyota RAV4 2007 Gray,"7,350,000",Local Used,144902 km,Automatic
"Lagos State, Ikorodu",Toyota Corolla 2010 Black,"5,460,000",Local Used,236448 km,Automatic
"Lagos State, Ikeja",Toyota Corolla 2005 Red,"4,641,000",Local Used,465155 km,Automatic
"Lagos State, Amuwo-Odofin",Toyota Corolla CE 2007 Gray,"7,875,000",Local Used,329903 km,Automatic
"Lagos State, Yaba",Kia Rio 2014 Silver,"4,725,000",Local Used,81911 km,Automatic
"Lagos State, Amuwo-Odofin",Chevrolet Cruze 2012 Teal,"8,400,000",Foreign Used,290839 km,Manual
"Abuja (FCT), Jabi",Lexus IS 2014 White,"21,630,000",Foreign Used,205335 km,Automatic
"Edo State, Benin City",Honda Pilot 2005 Black,"3,375,000",Local Used,126585 km,Automatic
"Oyo State, Ibadan",Honda Accord 2003 Gold,"2,373,000",Local Used,259525 km,Automatic
"Oyo State, Ibadan",Honda Accord 2003 Blue,"5,200,000",Local Used,411172 km,Automatic
"Abuja (FCT), Karu",Toyota Camry 1998 Gold,"2,912,000",Local Used,235421 km,Automatic
"Lagos State, Lekki",Toyota Land Cruiser Prado 2021 Black,"78,000,000",Local Used,4365 km,Automatic
"Abuja (FCT), Garki 2",Mercedes-Benz E350 2010 Gray,"13,520,000",Local Used,268214 km,Automatic
"Rivers State, Port-Harcourt",Toyota Camry 2001 Gold,"3,640,000",Local Used,141989 km,Automatic
"Lagos State, Alimosho",Infiniti FX35 2008 Blue,"4,200,000",Local Used,456679 km,Automatic
"Lagos State, Alimosho",Lexus RX 350 2015 Brown,"24,990,000",Foreign Used,309702 km,Automatic
"Rivers State, Port-Harcourt",Honda City 2012 Gray,"2,625,000",Local Used,281437 km,Automatic
"Lagos State, Ogba",Toyota Corolla 2010 Silver,"10,500,000",Foreign Used,244609 km,Automatic
"Lagos State, Surulere",Toyota Corolla 2005 Red,"3,822,000",Local Used,407510 km,Automatic
"Rivers State, Port-Harcourt",Mercedes-Benz GLA-Class 2015 Black,"19,125,000",Local Used,222766 km,Automatic
"Lagos State, Abule Egba",Ford Edge 2013 Silver,"6,100,237",Local Used,161962 km,Automatic
"Abuja (FCT), Wuse",Toyota Fortuner 2013 Black,"14,700,000",Local Used,85233 km,Automatic
"Lagos State, Surulere",Nissan Almera 2013 Silver,"6,300,000",Local Used,110418 km,Automatic
"Abuja (FCT), Jabi",Honda Accord Crosstour 2012 Black,"8,840,000",Local Used,123069 km,Automatic
"Abuja (FCT), Jabi",Toyota Camry 2018 Gray,"26,000,000",Local Used,108353 km,Automatic
"Lagos State, Abule Egba",Toyota RAV4 2002 Silver,"4,680,000",Local Used,101575 km,Automatic
"Lagos State, Abule Egba",Lexus ES 2008 Gold,"9,880,000",Local Used,95055 km,Automatic
"Oyo State, Ibadan",Mazda 323 1998 Red,"4,935,000",Foreign Used,144787 km,Automatic
"Oyo State, Ibadan",Dodge RAM 2013 Blue,"19,950,000",Foreign Used,303611 km,Automatic
"Oyo State, Ibadan",Hyundai Sonata 2015 Gray,"15,750,000",Foreign Used,156942 km,Automatic
"Abuja (FCT), Karu",Toyota Carina 1992 Gray,"2,625,000",Local Used,345213 km,Automatic
"Lagos State, Yaba",Nissan Pathfinder 2002 Black,"2,520,000",Local Used,382215 km,Automatic
"Lagos State, Ikorodu",Toyota Camry 2002 Green,"3,224,000",Local Used,181535 km,Automatic
"Abuja (FCT), Garki 2",Toyota 4-Runner 2003 Gray,"8,840,000",Local Used,196692 km,Automatic
"Lagos State, Ojodu",Toyota RAV4 2008 Black,"4,620,000",Local Used,198384 km,Automatic
"Lagos State, Surulere",Lexus RX 350 2009 Black,"12,495,000",Foreign Used,364270 km,Automatic
"Abuja (FCT), Kubwa",Acura MDX 2008 Gray,"5,586,000",Local Used,106889 km,Automatic
"Abuja (FCT), Garki 2",Toyota Camry 1999 Gold,"2,058,000",Local Used,197214 km,Automatic
"Abuja (FCT), Gudu",Toyota Camry 2009 Silver,"7,280,000",Local Used,203316 km,Automatic
"Abuja (FCT), Gudu",Toyota Sienna 2008 Gray,"6,760,000",Local Used,167005 km,Automatic
"Rivers State, Port-Harcourt",Toyota Highlander 2001 Black,"4,095,000",Local Used,258670 km,Automatic
"Abuja (FCT), Garki 2",BMW 528i 2013 White,"16,800,000",Foreign Used,271920 km,Automatic
"Abuja (FCT), Jabi",Lexus ES 2009 Black,"11,960,000",Local Used,259454 km,Automatic
"Abuja (FCT), Jabi",Toyota Avalon 2008 Silver,"5,250,000",Local Used,239078 km,Automatic
"Lagos State, Ikeja",Nissan Rogue Sport 2017 Gray,"14,700,000",Local Used,185989 km,Automatic
"Lagos State, Yaba",Volkswagen Sharan 2001 Red,"7,350,000",Foreign Used,224245 km,Manual
"Rivers State, Port-Harcourt",Toyota Highlander 3.5L 2WD 2013 Black,"18,200,000",Local Used,53490 km,Automatic
"Lagos State, Lekki",Toyota Camry 2007 Red,"4,882,500",Local Used,83772 km,Automatic
"Abuja (FCT), Wuse",Honda Pilot 2010 Black,"6,006,000",Local Used,151098 km,Automatic
"Abuja (FCT), Kubwa",Mercedes-Benz C300 2015 Black,"18,375,000",Local Used,100690 km,Automatic
"Lagos State, Lekki",Honda Accord 2014 Black,"9,975,000",Local Used,86998 km,Automatic
"Lagos State, Ikorodu",Honda CR-V 2.0i ES Automatic 2002 Black,"2,268,000",Local Used,234153 km,Automatic
"Lagos State, Amuwo-Odofin",Toyota Corolla 2008 Blue,"8,320,000",Local Used,162746 km,Automatic
"Lagos State, Kosofe",Honda Accord 2022 Silver,"41,600,000",Foreign Used,19347 km,Automatic
"Ondo State, Akure",Mercedes-Benz C300 2010 Black,"6,825,000",Local Used,133856 km,Automatic
"Lagos State, Yaba",Lexus RX 400h 2007 Silver,"8,925,000",Foreign Used,321433 km,Automatic
"Abuja (FCT), Central Business District",Peugeot 406 2000 Silver,"3,150,000",Local Used,999999 km,Automatic
"Abuja (FCT), Kubwa",Honda Accord 2008 Blue,"4,074,000",Local Used,143431 km,Automatic
"Delta State, Oshimili South",Toyota Camry 2004 Green,"4,680,000",Local Used,388145 km,Automatic
"Lagos State, Ikeja",Lexus RX 350 2010 Black,"24,960,000",Foreign Used,181914 km,Automatic
"Lagos State, Magodo",Honda Accord 1999 Silver,"1,785,000",Local Used,238689 km,Automatic
"Abuja (FCT), Gwarinpa",Mercedes-Benz C300 2014 Black,"13,520,000",Local Used,158952 km,Automatic
"Lagos State, Ikeja",Ford Edge 2007 Gray,"4,074,000",Local Used,389067 km,Automatic
"Rivers State, Port-Harcourt",Lexus IS 2019 Gray,"22,050,000",Local Used,81926 km,Automatic
"Lagos State, Amuwo-Odofin",Lexus GX 2012 Black,"34,320,000",Local Used,122063 km,Automatic
"Akwa Ibom State, Uyo",Toyota Corolla 2012 Black,"6,195,000",Local Used,174481 km,Automatic
"Oyo State, Ibadan",Skoda Octavia 2013 Blue,"2,625,000",Local Used,116198 km,Automatic
"Oyo State, Ibadan",Toyota Camry 2004 Silver,"4,160,000",Local Used,158244 km,Automatic
"Lagos State, Surulere",Toyota Matrix 2005 Gray,"4,328,625",Local Used,284446 km,Automatic
"Lagos State, Amuwo-Odofin",Toyota Camry 2008 Gold,"5,460,000",Local Used,253343 km,Automatic
"Lagos State, Kosofe",Toyota Camry 2003 Gray,"3,150,000",Local Used,397212 km,Automatic
"Ondo State, Akure",Lexus ES 350 2011 Gray,"9,450,000",Foreign Used,178067 km,Automatic
"Lagos State, Alimosho",Acura TSX 2009 Brown,"5,355,000",Local Used,136399 km,Automatic
"Lagos State, Ikotun/Igando",Toyota Venza 2010 Black,"20,280,000",Foreign Used,162507 km,Automatic
"Lagos State, Surulere",Land Rover Lr4 2010 Black,"8,085,000",Local Used,157670 km,Automatic
"Lagos State, Lekki",Nissan Murano 2003 White,"2,625,000",Local Used,370487 km,CVT
"Abuja (FCT), Gudu",Toyota Camry 2004 Silver,"4,368,000",Local Used,224443 km,Automatic
"Lagos State, Lekki",Ford Edge 2012 Black,"9,360,000",Local Used,181421 km,Automatic
"Abuja (FCT), Gudu",Toyota Corolla 2007 Blue,"4,200,000",Local Used,159252 km,Automatic
"Lagos State, Lekki",Toyota Camry 2007 Red,"4,410,000",Local Used,103820 km,Automatic
"Lagos State, Ojodu",Lexus RX 300 2000 Black,"3,360,000",Local Used,340803 km,Automatic
"Lagos State, Yaba",Acura TL 2009 Black,"11,550,000",Local Used,344430 km,Automatic
"Lagos State, Ojodu",Honda Accord 2006 Black,"3,432,000",Local Used,207728 km,Automatic
"Delta State, Oshimili South",Toyota Highlander 2011 Blue,"16,120,000",Local Used,240935 km,Automatic
"Lagos State, Amuwo-Odofin",Lexus RX 330 2006 Black,"12,168,000",Local Used,317123 km,Automatic
"Abuja (FCT), Lugbe District",Toyota Avalon Limited 2005 Gray,"4,618,687",Local Used,225606 km,Automatic
"Abuja (FCT), Lugbe District",Nissan Murano SE AWD 2005 Red,"3,465,000",Local Used,250562 km,Automatic
"Abia State, Aba North",Mercedes-Benz C300 2008 White,"7,140,000",Local Used,332046 km,Automatic
"Lagos State, Kosofe",Toyota Highlander 2012 Black,"19,760,000",Foreign Used,144673 km,Automatic
"Lagos State, Lekki",Toyota Corolla 2008 Beige,"5,775,000",Local Used,107280 km,Automatic
"Ogun State, Abeokuta North",Lexus ES 2005 Silver,"7,280,000",Local Used,408236 km,Automatic
"Abuja (FCT), Gudu",Hyundai Sonata 2013 Silver,"12,500,000",Foreign Used,194088 km,Automatic
"Lagos State, Lekki",Mercedes-Benz C300 2015 Black,"26,000,000",Local Used,142615 km,Automatic
"Lagos State, Lekki",Toyota Camry 2012 Silver,"15,600,000",Foreign Used,213601 km,Automatic
"Lagos State, Abule Egba",Lexus RX 350 2012 Black,"22,880,000",Local Used,225385 km,Automatic
"Lagos State, Abule Egba",Toyota Sienna 2008 Black,"5,250,000",Local Used,226519 km,Automatic
"Lagos State, Surulere",Ford Edge 2017 Brown,"18,375,000",Local Used,74040 km,Automatic
"Rivers State, Port-Harcourt",Toyota Matrix 2005 Silver,"3,990,000",Local Used,155682 km,Automatic
"Lagos State, Alimosho",Toyota RAV4 2020 Gray,"42,000,000",Foreign Used,380576 km,Automatic
"Edo State, Benin City",Toyota Avalon 2002 Silver,"4,725,000",Local Used,279717 km,Automatic
"Lagos State, Lekki",Toyota HiAce 2004 White,"5,062,500",Local Used,85680 km,Manual
"Lagos State, Amuwo-Odofin",Toyota Corolla 2004 Gray,"5,408,000",Local Used,413342 km,Automatic
"Abuja (FCT), Jabi",Peugeot 207 2008 Silver,"6,825,000",Foreign Used,179007 km,Manual
"Abuja (FCT), Garki 2",Toyota Camry 2004 Gold,"3,441,198",Local Used,262301 km,Automatic
"Abuja (FCT), Karu",Toyota Sienna 2007 Gold,"8,112,000",Local Used,98141 km,Automatic
"Lagos State, Alimosho",Honda Accord 2003 Gold,"2,625,000",Local Used,349159 km,Automatic
"Abuja (FCT), Garki 2",Toyota Camry 1999 Gold,"2,205,000",Local Used,241323 km,Automatic
"Rivers State, Port-Harcourt",Nissan Altima 2011 Blue,"8,400,000",Local Used,141377 km,CVT
"Lagos State, Lekki",Mercedes-Benz M Class 2013 White,"19,950,000",Local Used,193833 km,Automatic
"Enugu State, Enugu",Lexus LS 2007 Black,"8,715,000",Local Used,117659 km,Automatic
"Lagos State, Ikorodu",Toyota Sienna XLE FWD (3.3L V6 5A) 2004 Gray,"3,712,500",Foreign Used,232993 km,Automatic
"Lagos State, Magodo",Toyota Highlander 2017 Gray,"25,725,000",Local Used,92987 km,Automatic
"Lagos State, Ikotun/Igando",Toyota Camry 2003 Blue,"3,885,000",Local Used,222825 km,Automatic
"Rivers State, Port-Harcourt",Toyota Camry 2003 Black,"4,160,000",Local Used,232351 km,Automatic
"Lagos State, Ajah",Toyota Land Cruiser 4.6 V8 GX 2018 Black,"62,454,000",Local Used,176858 km,Automatic
"Abuja (FCT), Central Business District",Toyota Land Cruiser 2008 Black,"26,250,000",Local Used,91495 km,Automatic
"Lagos State, Alimosho",Lexus RX 350 2013 Silver,"29,120,000",Foreign Used,143854 km,Automatic
"Lagos State, Lekki",Chevrolet Camaro 2013 Black,"46,800,000",Local Used,126843 km,Automatic
"Lagos State, Ikeja",Volkswagen Golf 2008 Silver,"6,825,000",Local Used,171990 km,Automatic
"Lagos State, Ikeja",Nissan Rogue 2001 Black,"5,250,000",Local Used,199872 km,Automatic
"Lagos State, Surulere",Honda Accord 2009 Gray,"4,200,000",Local Used,135665 km,Automatic
"Delta State, Oshimili South",Toyota Sienna 2004 Ivory,"4,515,000",Local Used,319225 km,Automatic
"Rivers State, Port-Harcourt",Toyota Camry 2007 Gold,"6,760,000",Local Used,242569 km,Automatic
"Lagos State, Ogudu",Hyundai Ix35 2011 Blue,"8,400,000",Local Used,114787 km,Automatic
"Lagos State, Amuwo-Odofin",Toyota Matrix 2004 Silver,"3,780,000",Local Used,235114 km,Automatic
"Lagos State, Magodo",Toyota Highlander 2020 Silver,"65,520,000",Foreign Used,92036 km,Automatic
"Akwa Ibom State, Uyo",Ford Edge SE 4dr FWD (3.5L 6cyl 6A) 2007 Gray,"3,570,000",Local Used,87834 km,Automatic
"Lagos State, Lekki",Honda Accord 2003 Black,"2,268,000",Local Used,Automatic,Automatic
"Abuja (FCT), Lugbe District",Toyota Highlander 2012 Gold,"28,600,000",Foreign Used,154324 km,Automatic
"Abuja (FCT), Lugbe District",Toyota Highlander 2018 Gray,"49,920,000",Local Used,176496 km,Automatic
"Lagos State, Alimosho",Nissan Pathfinder 2006 Gold,"4,200,000",Local Used,245326 km,Automatic
"Akwa Ibom State, Uyo",Toyota Corolla 1.4 VVT-i 2007 Black,"3,150,000",Local Used,224302 km,Automatic
"Lagos State, Isolo",Honda Accord Crosstour 2010 Red,"5,796,000",Local Used,103179 km,Automatic
"Oyo State, Ibadan",Toyota Fortuner 2015 Black,"31,500,000",Local Used,82363 km,Automatic
"Abuja (FCT), Lugbe District",Toyota RAV4 2002 Blue,"3,528,000",Local Used,260148 km,Automatic
"Rivers State, Port-Harcourt",Land Rover Range Rover Supercharged 2006 White,"16,800,000",Local Used,CVT,CVT
"Lagos State, Amuwo-Odofin",Toyota 4-Runner 2005 Blue,"8,528,000",Local Used,254431 km,Automatic
"Lagos State, Alimosho",Toyota Camry 2002 Gold,"3,640,000",Local Used,293519 km,Automatic
"Oyo State, Ibadan",Mercedes-Benz C230 2009 Gray,"5,250,000",Local Used,127527 km,Automatic
"Lagos State, Isolo",Lexus RX 350 2010 Gray,"19,425,000",Foreign Used,245135 km,Automatic
"Imo State, Owerri",Toyota Camry 2003 Blue,"4,576,000",Local Used,360582 km,Automatic
"Lagos State, Amuwo-Odofin",Toyota Camry 2008 Blue,"10,920,000",Foreign Used,253294 km,Automatic
"Lagos State, Ojodu",Land Rover Range Rover Vogue 2014 White,"10,290,000",Local Used,67229 km,Automatic
"Lagos State, Amuwo-Odofin",Ford Mustang 2018 Gray,"47,250,000",Foreign Used,38619 km,Automatic
"Lagos State, Isolo",Lexus RX 350 FWD 2013 Black,"27,040,000",Foreign Used,282070 km,Automatic
"Abuja (FCT), Asokoro",Toyota Highlander 2010 Black,"13,520,000",Local Used,281777 km,Automatic
"Rivers State, Port-Harcourt",Honda Pilot 2003 Gold,"2,730,000",Local Used,115694 km,Automatic
"Lagos State, Ikeja",Toyota Sienna 2005 Red,"4,515,000",Local Used,350772 km,Automatic
"Lagos State, Ikorodu",Toyota Camry 2003 Black,"3,990,000",Local Used,477983 km,Automatic
"Rivers State, Port-Harcourt",Toyota Corolla 2017 Black,"17,325,000",Foreign Used,75639 km,CVT
"Lagos State, Lekki",Lexus RX 350 2017 Gray,"44,720,000",Local Used,44029 km,Automatic
"Rivers State, Port-Harcourt",Honda Accord 2006 Silver,"2,625,000",Local Used,106916 km,Manual
"Lagos State, Lekki",Toyota RAV4 2007 Black,"7,800,000",Local Used,129662 km,Automatic
"Oyo State, Ibadan",Lexus ES 2002 Beige,"4,725,000",Local Used,160888 km,Automatic
"Oyo State, Ibadan",Toyota Corolla 2006 Blue,"5,250,000",Local Used,482800 km,Automatic
"Delta State, Oshimili South",Toyota Corolla 2008 Black,"4,200,000",Local Used,142191 km,Manual
"Lagos State, Ikotun/Igando",Nissan Maxima 2005 Black,"4,200,000",Local Used,110525 km,Automatic
"Oyo State, Ibadan",Jeep Wrangler 2014 Black,"42,000,000",Local Used,91384 km,Automatic
"Oyo State, Ibadan",Nissan Primera 1998 Silver,"1,575,000",Local Used,577304 km,Manual
"Lagos State, Ikorodu",Toyota RAV4 Base FWD 2001 Blue,"4,095,000",Local Used,200747 km,Automatic
"Lagos State, Alimosho",Toyota Camry 2007 Blue,"10,920,000",Foreign Used,304236 km,Automatic
"Lagos State, Lekki",Mercedes-Benz CLA-Class CLA 250 Sedan 2014 White,"13,020,000",Local Used,241903 km,Automatic
"Lagos State, Ikoyi",Kia Sportage 2013 Black,"7,350,000",Local Used,128296 km,Automatic
"Abuja (FCT), Karu",Toyota Corolla 2005 Black,"3,675,000",Local Used,299999 km,Automatic
"Abuja (FCT), Kubwa",Peugeot 508 2018 Black,"15,750,000",Local Used,88855 km,Automatic
"Akwa Ibom State, Uyo",Lexus RX 300 4WD 2000 Brown,"4,680,000",Local Used,129622 km,Automatic
"Edo State, Benin City",Mercedes-Benz CLK 2003 Black,"3,675,000",Local Used,125190 km,Automatic
"Lagos State, Lekki",Mercedes-Benz GLA-Class 2017 Black,"58,800,000",Local Used,34800 km,Automatic
"Kaduna State, Kaduna / Kaduna State",Hyundai Elantra 2013 White,"9,450,000",Foreign Used,83166 km,Automatic
"Lagos State, Ikoyi",Toyota Land Cruiser Prado 2013 Black,"28,350,000",Local Used,248027 km,Automatic
"Lagos State, Ikeja",Lexus RX 2006 Black,"9,360,000",Local Used,Automatic,Automatic
"Lagos State, Ikotun/Igando",Lexus RX 300 2003 Gray,"5,720,000",Local Used,98868 km,Automatic
"Lagos State, Ikeja",GMC Terrain 2013 Black,"12,600,000",Local Used,364193 km,Automatic
"Abuja (FCT), Lugbe District",Toyota Venza V6 2010 White,"12,048,750",Local Used,236601 km,Automatic
"Oyo State, Ibadan",BMW 5 Series 2009 Silver,"3,675,000",Foreign Used,173893 km,Automatic
"Abia State, Umuahia",Acura MDX 2008 White,"4,200,000",Local Used,180342 km,Automatic
"Lagos State, Amuwo-Odofin",Honda Accord 2008 Silver,"6,864,000",Local Used,223888 km,Automatic
"Lagos State, Surulere",Lexus RX 350 2008 Gold,"7,560,000",Local Used,215350 km,Automatic
"Lagos State, Ogudu",Toyota Corolla 2009 White,"6,300,000",Local Used,266965 km,Automatic
"Lagos State, Ajah",Mercedes-Benz S-Class 2015 Black,"40,950,000",Local Used,123334 km,Automatic
"Lagos State, Yaba",Toyota Corolla 2013 Black,"5,775,000",Local Used,311911 km,Automatic
"Lagos State, Ojodu",Lexus RX 300 2000 Black,"3,675,000",Local Used,548424 km,Automatic
"Abuja (FCT), Kubwa",Toyota Camry 2008 Gold,"8,320,000",Local Used,196164 km,Automatic
"Abuja (FCT), Kubwa",Toyota Corolla 2009 Blue,"11,960,000",Foreign Used,48751 km,Automatic
"Abuja (FCT), Kubwa",Toyota Highlander 2022 White,"101,920,000",Foreign Used,15523 km,Automatic
"Abuja (FCT), Kubwa",Toyota RAV4 2018 Red,"36,400,000",Foreign Used,119765 km,Automatic
"Abuja (FCT), Kubwa",Toyota RAV4 2015 Black,"23,920,000",Foreign Used,47768 km,Automatic
"Rivers State, Port-Harcourt",Honda Accord 5P 2001 Silver,"2,288,000",Local Used,Automatic,Automatic
"Abuja (FCT), Jabi",Hyundai Elantra 2008 White,"7,280,000",Local Used,154894 km,Automatic
"Lagos State, Surulere",Hyundai Elantra 2008 White,"3,885,000",Local Used,240470 km,Automatic
"Abuja (FCT), Gudu",Toyota Corolla 2014 Blue,"26,000,000",Foreign Used,65520 km,Automatic
"Lagos State, Kosofe",Honda Accord 2009 Black,"9,360,000",Foreign Used,127467 km,Automatic
"Lagos State, Surulere",Lexus GX 2004 Gold,"9,880,000",Local Used,341341 km,Automatic
"Abuja (FCT), Gudu",Toyota Camry 2010 Gray,"8,320,000",Local Used,75057 km,Automatic
"Abuja (FCT), Gwagwalada",Infiniti QX4 2002 Black,"3,675,000",Local Used,209090 km,Automatic
"Lagos State, Lekki",Mercedes-Benz C300 2015 Silver,"24,440,000",Local Used,176858 km,Automatic
"Lagos State, Ojodu",Honda Crosstour 3.5 AWD 2011 Black,"6,825,000",Local Used,162683 km,Automatic
"Lagos State, Alimosho",Toyota Corolla 2006 Gold,"4,725,000",Local Used,301370 km,Automatic
"Lagos State, Surulere",Honda Accord 2003 Black,"3,952,000",Local Used,483437 km,Automatic
"Lagos State, Lekki",BMW 325i 2014 Black,"13,650,000",Local Used,175158 km,Automatic
"Lagos State, Lekki",Toyota Venza 2011 Black,"15,540,000",Foreign Used,102501 km,Automatic
"Lagos State, Lekki",Toyota Sienna 2013 Gray,"9,135,000",Local Used,80026 km,Automatic
"Lagos State, Ajah",Mercedes-Benz GL-Class 2013 Black,"19,320,000",Local Used,145630 km,Automatic
"Lagos State, Amuwo-Odofin",Mercedes-Benz GLC-Class 2018 Silver,"44,415,000",Foreign Used,78865 km,Automatic
"Ogun State, Abeokuta North",Mercedes-Benz C300 2008 Gray,"7,350,000",Local Used,281743 km,Automatic
"Rivers State, Port-Harcourt",Toyota Corolla LE 2007 Gray,"4,620,000",Local Used,19039 km,Automatic
"Abuja (FCT), Kubwa",Honda Accord 2003 Silver,"3,640,000",Local Used,14588 km,Automatic
"Abuja (FCT), Garki 2",Honda Accord 2010 Black,"4,908,750",Local Used,Automatic,Automatic
"Delta State, Oshimili South",Lexus RX 350 2017 Black,"34,650,000",Local Used,107908 km,Automatic
"Enugu State, Enugu",Lexus RX 300 1999 Silver,"4,888,000",Local Used,294968 km,Automatic
"Delta State, Oshimili South",GAC GS8 2019 White,"84,000,000",Foreign Used,24447 km,Automatic
"Lagos State, Amuwo-Odofin",Lexus RX 2001 Blue,"6,240,000",Local Used,445651 km,Automatic
"Abuja (FCT), Garki 2",Honda Accord 2008 Blue,"6,760,000",Local Used,Automatic,Automatic
"Abuja (FCT), Gwagwalada",Mazda 3 2010 Black,"3,675,000",Local Used,272139 km,Automatic
"Delta State, Oshimili South",Mercedes-Benz M Class 2010 Silver,"9,975,000",Local Used,320981 km,Automatic
"Edo State, Benin City",Toyota Yaris 2008 Black,"2,940,000",Local Used,Automatic,Automatic
"Lagos State, Alimosho",Toyota Camry 2010 Silver,"8,840,000",Local Used,280747 km,Automatic
"Abuja (FCT), Karu",Lexus ES 350 2007 Blue,"7,586,250",Local Used,233285 km,Automatic
"Abuja (FCT), Wuse",Lincoln MKZ 2017 Red,"26,250,000",Local Used,176588 km,Automatic
"Lagos State, Yaba",Hyundai Elantra 2009 Black,"4,200,000",Local Used,179097 km,Automatic
"Lagos State, Yaba",Mercedes-Benz C300 2008 Red,"7,770,000",Local Used,247194 km,Automatic
"Abuja (FCT), Wuse",Toyota Corolla 2009 White,"7,350,000",Local Used,121340 km,Automatic
"Lagos State, Ilupeju",Toyota Sienna 2011 Gray,"21,840,000",Local Used,50656 km,Automatic
"Abuja (FCT), Gwarinpa",Hyundai Elantra 2018 Red,"18,690,000",Foreign Used,92807 km,Automatic
"Abuja (FCT), Gwarinpa",Toyota Highlander 2015 Gold,"27,040,000",Local Used,59082 km,Automatic
"Abuja (FCT), Kubwa",Nissan Pathfinder 2006 Gray,"3,150,000",Local Used,197888 km,Automatic
"Abuja (FCT), Lugbe District",Toyota Camry 2003 Black,"3,885,000",Local Used,237356 km,Automatic
"Lagos State, Yaba",Nissan NV3500 2014 White,"8,400,000",Local Used,267194 km,Manual
"Abuja (FCT), Lugbe District",Mercedes-Benz M Class ML 350 4Matic 2008 Black,"5,806,500",Local Used,331295 km,Automatic
"Lagos State, Lekki",Toyota Avalon 2014 Burgandy,"22,880,000",Foreign Used,125494 km,Automatic
"Lagos State, Kosofe",Toyota Sienna 2006 Gray,"10,920,000",Foreign Used,312826 km,Automatic
"Abuja (FCT), Gudu",Toyota Camry 2006 Green,"7,176,000",Local Used,268974 km,Automatic
"Lagos State, Ojodu",Toyota Camry 2003 Gold,"3,780,000",Local Used,176014 km,Automatic
"Abuja (FCT), Lugbe District",Honda Accord 5P 2001 Silver,"2,600,000",Local Used,433770 km,Automatic
"Lagos State, Amuwo-Odofin",Nissan Pathfinder 2003 Gold,"3,990,000",Local Used,272285 km,Automatic
"Lagos State, Amuwo-Odofin",Lexus RX 350 2010 Red,"23,920,000",Foreign Used,296976 km,Automatic
"Abuja (FCT), Wuse",Honda Accord 2009 Brown,"4,935,000",Local Used,336770 km,Automatic
"Lagos State, Isolo",Honda Accord 2006 Red,"2,425,500",Local Used,148180 km,Automatic
"Lagos State, Amuwo-Odofin",Toyota Corolla 2003 Green,"5,200,000",Local Used,298455 km,Automatic
"Lagos State, Isolo",Honda Crosstour 2011 White,"9,360,000",Local Used,165274 km,Automatic
"Rivers State, Port-Harcourt",Toyota Camry 2007 Silver,"6,760,000",Local Used,144935 km,Automatic
"Rivers State, Port-Harcourt",Toyota Corolla 2007 Gold,"4,830,000",Local Used,58205 km,Automatic
"Rivers State, Port-Harcourt",Toyota Camry 2012 Gray,"9,660,000",Local Used,184191 km,Automatic
"Rivers State, Port-Harcourt",Toyota Camry 2006 Black,"3,937,500",Local Used,215678 km,Automatic
"Edo State, Benin City",Toyota Corolla 2009 Black,"7,140,000",Local Used,1486691 km,Automatic
"Abuja (FCT), Gwagwalada",Peugeot 307 2003 Silver,"3,150,000",Local Used,999999 km,Manual
"Abuja (FCT), Lugbe District",Toyota Avalon 2012 Silver,"9,975,000",Local Used,258371 km,Automatic
"Lagos State, Ojodu",Toyota 4-Runner Limited 4WD 2010 Black,"22,152,000",Local Used,106375 km,Automatic
"Abuja (FCT), Karu",Toyota Corolla 2004 Red,"4,096,575",Local Used,153212 km,Automatic
"Delta State, Oshimili South",Toyota Camry 2008 Gray,"6,090,000",Local Used,159197 km,Automatic
"Oyo State, Ibadan",Hyundai Santa Fe 2016 Gray,"21,000,000",Foreign Used,114137 km,Automatic
"Lagos State, Lekki",Mercedes-Benz GLK-Class 350 4MATIC 2014 White,"25,480,000",Foreign Used,232969 km,Automatic
"Lagos State, Ajah",Toyota Camry 2009 Blue,"6,300,000",Local Used,234928 km,Automatic
"Abuja (FCT), Kubwa",BMW X5 2008 Gray,"10,400,000",Local Used,171585 km,Automatic
"Lagos State, Ikeja",Land Rover Range Rover Velar 2019 Blue,"56,227,500",Local Used,88450 km,Automatic
"Oyo State, Ibadan",Acura MDX 2007 Gray,"5,250,000",Local Used,141001 km,Automatic
"Lagos State, Ikorodu",Honda Civic 2007 Green,"2,520,000",Local Used,105030 km,Manual
"Lagos State, Ikotun/Igando",Volkswagen Jetta 2012 Black,"8,924,998",Foreign Used,175045 km,Automatic
"Lagos State, Kosofe",Toyota Camry 2012 Black,"11,440,000",Local Used,218961 km,Automatic
"Abuja (FCT), Central Business District",BMW 330i 2006 Black,"7,350,000",Local Used,308465 km,Automatic
"Enugu State, Enugu",Volkswagen Golf Variant 1999 Red,"2,310,000",Local Used,128150 km,Automatic
"Lagos State, Kosofe",Toyota Camry 2012 Silver,"14,560,000",Foreign Used,220391 km,Automatic
"Lagos State, Ogudu",Mercedes-Benz S-Class 2005 Black,"19,950,000",Local Used,Automatic,Automatic
"Lagos State, Ikoyi",Toyota Camry 2009 Gray,"5,775,000",Local Used,134258 km,Automatic
"Lagos State, Yaba",Hyundai Elantra 2008 Blue,"3,150,000",Local Used,217371 km,Automatic
"Enugu State, Enugu",Toyota Corolla 2004 Red,"6,760,000",Local Used,219952 km,Automatic
"Lagos State, Lekki",Porsche Cayenne 2012 Black,"31,500,000",Local Used,38604 km,Automatic
"Lagos State, Lekki",Toyota Highlander 3.0 2001 Silver,"5,200,000",Local Used,434697 km,Automatic
"Abuja (FCT), Jabi",Mazda CX-9 2013 Black,"11,025,000",Foreign Used,125085 km,Automatic
"Abuja (FCT), Lugbe District",Honda Accord 2013 Gray,"14,560,000",Local Used,131524 km,Automatic
"Rivers State, Port-Harcourt",Toyota Camry 2003 Gray,"4,680,000",Local Used,296435 km,Automatic
"Lagos State, Lekki",Mercedes-Benz GL-Class 2011 White,"22,880,000",Foreign Used,223445 km,Automatic
"Oyo State, Ibadan",Toyota Camry 2009 Silver,"5,565,000",Local Used,109658 km,Automatic
"Enugu State, Enugu",Toyota Sienna 2001 Gray,"2,835,000",Local Used,264475 km,Automatic
"Oyo State, Ibadan",Toyota Sienna 2001 White,"2,938,950",Local Used,218055 km,Automatic
"Rivers State, Port-Harcourt",Toyota Sienna 2006 Red,"9,975,000",Foreign Used,293710 km,Automatic
"Kaduna State, Kaduna / Kaduna State",Toyota Highlander Limited V6 FWD 2004 Black,"4,494,000",Local Used,144337 km,Automatic
"Lagos State, Yaba",Honda Accord 2008 Silver,"4,200,000",Local Used,225735 km,Automatic
"Enugu State, Enugu",Mercedes-Benz M Class 2006 Gold,"7,560,000",Local Used,193162 km,Automatic
"Enugu State, Enugu",Toyota RAV4 2003 Silver,"5,200,000",Local Used,315000 km,Automatic
"Lagos State, Ogba",Lexus RX 400h 2006 Blue,"5,775,000",Local Used,113639 km,Automatic
"Lagos State, Magodo",Jeep Wrangler 2014 Black,"14,700,000",Local Used,103816 km,Automatic
"Abuja (FCT), Wuse",GAC GS4 2016 Black,"14,175,000",Local Used,31555 km,Automatic
"Lagos State, Lekki",Honda Crosstour 2013 White,"14,175,000",Local Used,108510 km,Automatic
"Lagos State, Ikoyi",Changan CS35 2023 Gray,"42,000,000",Local Used,9209 km,Automatic
"Abuja (FCT), Gwarinpa",Toyota Corolla 2006 Gray,"5,512,000",Local Used,140322 km,Automatic
"Abuja (FCT), Gwarinpa",Lexus IS 2008 Gray,"8,840,000",Local Used,162525 km,Automatic
"Lagos State, Magodo",Honda CR-V 2009 Green,"6,344,000",Local Used,114589 km,Automatic
"Lagos State, Ikeja",Hyundai Sonata 2015 Silver,"10,752,000",Local Used,60949 km,Automatic
"Lagos State, Ilupeju",Ford Explorer 2012 Gold,"20,800,000",Foreign Used,141451 km,Automatic
"Oyo State, Ibadan",Lexus RX 300 1999 White,"3,465,000",Local Used,138081 km,Automatic
"Lagos State, Ikorodu",Ford Edge 2012 Black,"6,510,000",Local Used,169048 km,Automatic
"Lagos State, Lekki",Toyota Camry 2012 White,"15,600,000",Foreign Used,236701 km,Automatic
"Lagos State, Alimosho",Toyota Highlander 2005 Red,"6,300,000",Local Used,328054 km,Automatic
"Abuja (FCT), Karu",Toyota Camry 2006 Black,"6,032,000",Local Used,216424 km,Automatic
"Enugu State, Enugu",Pontiac Aztek 2001 Red,"4,725,000",Local Used,104114 km,Automatic
"Abuja (FCT), Wuse",Ford F-150 2003 White,"7,875,000",Foreign Used,255231 km,Automatic
"Lagos State, Isolo",Nissan Pathfinder 2005 Gray,"4,888,000",Local Used,196778 km,Automatic
"Lagos State, Lekki",Toyota Hilux 2020 White,"64,480,000",Local Used,37217 km,Automatic
"Lagos State, Lekki",Mercedes-Benz E350 2011 Red,"18,720,000",Foreign Used,170158 km,Automatic
"Lagos State, Abule Egba",Nissan Frontier 2005 Black,"5,460,000",Local Used,119233 km,Automatic
"Akwa Ibom State, Uyo",Honda Crosstour 3.5 AWD 2012 Blue,"8,840,000",Local Used,225185 km,Automatic
"Abuja (FCT), Gwarinpa",Honda Accord 2013 Black,"9,975,000",Local Used,91624 km,Automatic
"Rivers State, Port-Harcourt",Toyota Corolla 2010 Black,"7,800,000",Local Used,163838 km,Automatic
"Abia State, Aba North",Ford Focus 2005 Silver,"3,150,000",Local Used,130142 km,Automatic
"Lagos State, Kosofe",Lexus RX 400h 2006 Silver,"5,565,000",Local Used,181720 km,Automatic
"Abuja (FCT), Lugbe District",Mercedes-Benz M Class ML 350 4Matic 2007 White,"9,360,000",Local Used,169090 km,Automatic
"Abuja (FCT), Lugbe District",Mercedes-Benz C230 2005 Black,"4,368,000",Local Used,345209 km,Automatic
"Abuja (FCT), Lugbe District",Toyota Avensis 1.8 Sedan Automatic 2003 Gray,"4,680,000",Local Used,293662 km,Automatic
"Abuja (FCT), Karu",Toyota Camry 2015 Blue,"17,472,000",Foreign Used,121281 km,Automatic
"Rivers State, Port-Harcourt",Honda CR-V 2007 Blue,"4,674,600",Local Used,213315 km,Automatic
"Lagos State, Ikorodu",Toyota Avensis Verso 2004 Gray,"3,675,000",Local Used,195683 km,Automatic
"Lagos State, Ikeja",Lexus RX 400h 2006 Blue,"7,140,000",Local Used,316344 km,Automatic
"Rivers State, Port-Harcourt",Honda Accord Sedan SE V-6 Automatic 2007 Gray,"3,150,000",Local Used,142947 km,Automatic
"Abuja (FCT), Kubwa",Toyota Corolla 2005 Gray,"4,200,000",Local Used,320466 km,Automatic
"Lagos State, Ikeja",Lexus LX 2011 Black,"52,000,000",Local Used,10018 km,Automatic
"Oyo State, Ibadan",Nissan Almera 2013 Gray,"2,940,000",Local Used,122093 km,Manual
"Abuja (FCT), Gudu",Nissan Primera 2004 Gray,"5,040,000",Local Used,233348 km,Automatic
"Lagos State, Ikorodu",Toyota Camry 2000 Gray,"2,415,000",Local Used,290007 km,Automatic
"Rivers State, Port-Harcourt",Lexus RX 300 2000 Silver,"4,160,000",Local Used,203045 km,Automatic
"Delta State, Oshimili South",Honda Accord 2005 Black,"2,310,000",Local Used,2159850 km,Automatic
"Lagos State, Alimosho",Toyota Sienna 2011 Gray,"17,680,000",Foreign Used,288685 km,Automatic
"Oyo State, Ibadan",Honda Accord 2004 Gray,"2,808,000",Local Used,333514 km,Automatic
"Lagos State, Ilupeju",Toyota Celica 2003 Red,"5,670,000",Local Used,104584 km,Automatic
"Lagos State, Yaba",Land Rover Lr3 2006 Gray,"10,400,000",Local Used,330118 km,Automatic
"Lagos State, Ilupeju",Honda Accord 1999 Silver,"2,288,000",Local Used,106238 km,Automatic
"Edo State, Benin City",Toyota Corolla 2009 Black,"10,185,000",Foreign Used,105302 km,Automatic
"Lagos State, Kosofe",Honda Accord 2004 Gold,"3,120,000",Local Used,504864 km,Automatic
"Ondo State, Akure",Toyota Sienna 2004 Gray,"9,360,000",Local Used,431143 km,Automatic
"Lagos State, Lekki",Mitsubishi Pajero 2019 Black,"31,500,000",Local Used,69623 km,Automatic
"Enugu State, Enugu",Lexus ES 2009 White,"8,610,000",Local Used,141135 km,Automatic
"Abuja (FCT), Central Business District",Lexus GX 2007 Black,"8,400,000",Local Used,166334 km,Automatic
"Lagos State, Ilupeju",Toyota Land Cruiser 2007 Black,"19,950,000",Local Used,Automatic,Automatic
"Oyo State, Ibadan",Lexus IS 2008 Black,"9,880,000",Local Used,253247 km,Automatic
"Abuja (FCT), Kubwa",Honda Accord 2008 Black,"4,200,000",Local Used,207147 km,Automatic
"Delta State, Oshimili South",Mercedes-Benz C300 2015 White,"20,800,000",Local Used,103834 km,Automatic
"Rivers State, Port-Harcourt",Toyota Corolla 2010 Black,"9,360,000",Local Used,211277 km,Automatic
"Lagos State, Ikeja",Land Rover Discovery 2005 Gold,"8,400,000",Local Used,198518 km,Automatic
"Lagos State, Isolo",Toyota Camry 2010 Gray,"11,440,000",Foreign Used,272660 km,Automatic
"Lagos State, Ojodu",Toyota Avalon 2006 Green,"4,725,000",Local Used,163728 km,Automatic
"Lagos State, Ojodu",Toyota Camry 2004 Red,"5,200,000",Local Used,450134 km,Automatic
"Ondo State, Akure",Lexus RX 2000 White,"3,150,000",Local Used,224734 km,Automatic
"Akwa Ibom State, Uyo",Hyundai Santa Fe 2.7 V6 2009 Brown,"8,925,000",Local Used,118716 km,Manual
"Akwa Ibom State, Uyo",Ford Fiesta S Sedan 2012 White,"7,350,000",Foreign Used,210543 km,Automatic
"Akwa Ibom State, Uyo",Lexus ES 350 2012 Brown,"13,520,000",Local Used,167951 km,Automatic
"Lagos State, Mushin",Lexus GS 2004 Silver,"4,200,000",Local Used,446870 km,Automatic
"Lagos State, Abule Egba",Toyota Corolla 2004 Black,"6,240,000",Local Used,221769 km,Automatic
"Lagos State, Abule Egba",Toyota Avalon 2006 Blue,"6,032,000",Local Used,156312 km,Automatic
"Lagos State, Yaba",Jeep Renegade 2015 Silver,"5,250,000",Local Used,131108 km,Automatic
"Lagos State, Kosofe",Toyota Venza 2009 Gray,"18,720,000",Foreign Used,97381 km,Automatic
"Rivers State, Port-Harcourt",Honda CR-V 2000 Red,"2,704,000",Local Used,279174 km,Automatic
"Abuja (FCT), Gudu",Honda CR-V 2013 Gray,"13,520,000",Local Used,346630 km,Automatic
"Abuja (FCT), Asokoro",Honda Accord 2010 Red,"4,819,500",Local Used,263415 km,Automatic
"Lagos State, Ikeja",Lexus RX 350 2011 Black,"26,000,000",Foreign Used,95357 km,Automatic
"Imo State, Owerri",Toyota Camry 2007 Silver,"6,760,000",Local Used,431822 km,Automatic
"Lagos State, Ikorodu",Toyota Camry 2013 White,"14,560,000",Foreign Used,121412 km,Automatic
"Lagos State, Amuwo-Odofin",Ford Edge 2008 Red,"6,240,000",Local Used,1949865 km,Automatic
"Lagos State, Lekki",Mercedes-Benz GLC-Class 2016 Red,"39,520,000",Foreign Used,179484 km,Automatic
"Lagos State, Lekki",Hyundai Elantra 2014 Red,"5,250,000",Local Used,189803 km,Automatic
"Lagos State, Magodo",Toyota Highlander 2010 Black,"9,450,000",Local Used,291251 km,Automatic
"Lagos State, Ikeja",Ford Edge 2008 Gold,"6,240,000",Local Used,270021 km,Automatic
"Lagos State, Ikorodu",Honda Accord 2003 Gray,"2,625,000",Local Used,244493 km,Automatic
"Oyo State, Ibadan",Toyota Yaris 2007 Silver,"4,147,500",Local Used,146241 km,Automatic
"Abuja (FCT), Jabi",Toyota Sienna 2003 Silver,"2,835,000",Local Used,86096 km,Automatic
"Abia State, Aba North",Lexus ES 1993 Blue,"3,675,000",Local Used,Automatic,Automatic
"Lagos State, Ikeja",Mercedes-Benz GL-Class 2007 Black,"14,560,000",Local Used,266122 km,Automatic
"Lagos State, Ikeja",Mercedes-Benz CLA-Class 2015 Black,"17,680,000",Local Used,56804 km,Automatic
"Oyo State, Ibadan",Toyota Camry 2009 Black,"7,280,000",Local Used,127865 km,Automatic
"Oyo State, Ibadan",Nissan Frontier 2006 Blue,"6,090,000",Local Used,70617 km,Automatic
"Imo State, Owerri",Toyota Corolla 2009 Blue,"3,175,000",Local Used,172122 km,Manual
"Rivers State, Port-Harcourt",Toyota Corolla 2003 Gold,"5,200,000",Local Used,132762 km,Automatic
"Lagos State, Ojodu",Ford Explorer 2005 Silver,"6,300,000",Foreign Used,320371 km,Automatic
"Lagos State, Ojodu",Lexus RX 400h 2006 Silver,"8,400,000",Local Used,251766 km,Automatic
"Lagos State, Yaba",Nissan Sentra 2013 Black,"5,250,000",Local Used,98432 km,CVT
"Lagos State, Yaba",Toyota Corolla 2006 White,"6,240,000",Local Used,188355 km,Automatic
"Abuja (FCT), Gudu",Toyota Camry 2008 Black,"7,800,000",Local Used,91396 km,Automatic
"Abuja (FCT), Gwarinpa",Lexus RX 350 2010 Silver,"18,720,000",Local Used,341735 km,Automatic
"Ondo State, Akure",Toyota Camry 2006 Gold,"4,695,000",Local Used,215025 km,Automatic
"Abuja (FCT), Jabi",Honda Accord 2003 Black,"2,205,000",Local Used,9999999 km,Automatic
"Lagos State, Alimosho",Dodge Charger 2021 Black,"50,400,000",Foreign Used,88571 km,Automatic
"Lagos State, Alimosho",Kia Sorento 2012 Silver,"10,500,000",Foreign Used,260880 km,Automatic
"Lagos State, Lekki",Honda Ridgeline 2008 Black,"5,355,000",Local Used,333130 km,Automatic
"Rivers State, Port-Harcourt",Honda CR-V 2007 Blue,"5,670,000",Foreign Used,168825 km,Automatic
"Lagos State, Ikotun/Igando",Toyota Camry 2008 Green,"6,968,000",Local Used,169951 km,Automatic
"Ondo State, Akure",Mercedes-Benz C300 2015 Black,"29,120,000",Foreign Used,165201 km,Automatic
"Abuja (FCT), Wuse",Toyota Sequoia 2003 Gray,"6,760,000",Local Used,230368 km,Automatic
"Lagos State, Lekki",Mercedes-Benz GLE-Class 2016 Black,"47,840,000",Foreign Used,88038 km,Automatic
"Lagos State, Lekki",Toyota Venza 2015 Blue,"30,680,000",Foreign Used,116594 km,Automatic
"Lagos State, Lekki",Mercedes-Benz GLK-Class 350 4MATIC 2011 Red,"13,000,000",Local Used,227644 km,Automatic
"Rivers State, Port-Harcourt",Audi Q7 2008 Black,"3,685,498",Local Used,163569 km,Automatic
"Rivers State, Port-Harcourt",Toyota Highlander 2008 Gray,"8,820,000",Local Used,76240 km,Automatic
"Lagos State, Ikeja",Toyota Corolla 2014 Gray,"15,600,000",Foreign Used,154438 km,Automatic
"Abuja (FCT), Gwarinpa",Toyota Camry 2007 Blue,"7,280,000",Local Used,274917 km,Automatic
"Lagos State, Ilupeju",Volkswagen Routan 2009 White,"7,350,000",Foreign Used,147037 km,Automatic
"Rivers State, Port-Harcourt",Ford Escape Limited 2006 Gray,"3,360,000",Local Used,25326 km,Automatic
"Imo State, Owerri",Lexus RX 330 2004 Black,"7,875,000",Local Used,249401 km,Automatic
"Lagos State, Surulere",Toyota Corolla 2005 Black,"3,885,000",Local Used,398001 km,Automatic
"Rivers State, Port-Harcourt",Toyota Corolla 2011 Silver,"6,300,000",Local Used,102400 km,Automatic
"Abuja (FCT), Central Business District",Mercedes-Benz G-Class 2002 Black,"26,250,000",Local Used,999999 km,Automatic
"Abuja (FCT), Central Business District",Lexus LX 2014 Black,"33,600,000",Local Used,244753 km,Automatic
"Delta State, Oshimili South",Hyundai Tucson 2007 Blue,"3,832,500",Local Used,124920 km,Automatic
"Lagos State, Ajah",Volvo XC90 2011 Silver,"7,350,000",Local Used,216869 km,Automatic
"Lagos State, Alimosho",Lexus RX 300 1999 Silver,"3,570,000",Local Used,226064 km,Automatic
"Lagos State, Ikoyi",Toyota RAV4 2013 White,"13,650,000",Local Used,132983 km,Automatic
"Lagos State, Lekki",Mercedes-Benz M Class 2008 Gray,"10,400,000",Local Used,160108 km,Automatic
"Lagos State, Alimosho",Mercedes-Benz CLA-Class 2014 White,"14,700,000",Local Used,81445 km,Automatic
"Lagos State, Surulere",Hyundai Tucson 2006 Silver,"4,725,000",Local Used,484271 km,Automatic
"Lagos State, Amuwo-Odofin",Toyota Sienna 2004 Gold,"4,281,373",Local Used,221404 km,Automatic
"Lagos State, Ilupeju",Mercedes-Benz GLE-Class 2020 Black,"84,000,000",Local Used,55977 km,Automatic
"Rivers State, Port-Harcourt",Toyota Corolla 2009 Silver,"6,825,000",Local Used,166087 km,Automatic
"Lagos State, Ikorodu",Lexus GS 300 2003 Red,"3,150,000",Local Used,234841 km,Automatic
"Lagos State, Ikorodu",Toyota Camry 2004 Blue,"3,465,000",Local Used,498922 km,Automatic
"Lagos State, Magodo",Toyota Sienna 2013 Gray,"11,550,000",Local Used,91391 km,Automatic
"Rivers State, Port-Harcourt",Ford Edge 2007 Red,"4,200,000",Local Used,204230 km,Automatic
"Oyo State, Ibadan",Toyota Avalon 2000 Black,"3,675,000",Local Used,225734 km,Automatic
"Lagos State, Surulere",Nissan Sentra 2014 Burgandy,"6,510,000",Local Used,93991 km,Automatic
"Edo State, Benin City",Toyota Corolla 2009 Black,"7,592,000",Local Used,111971 km,Automatic
"Lagos State, Yaba",Mercedes-Benz E350 2010 Black,"10,185,000",Local Used,140601 km,Automatic
"Lagos State, Ikeja",Toyota Venza 2015 Green,"20,527,500",Foreign Used,232420 km,Automatic
"Lagos State, Alimosho",Lexus LS 2007 Black,"5,775,000",Local Used,116014 km,Automatic
"Lagos State, Ikotun/Igando",Lexus RX 330 2005 Blue,"9,360,000",Local Used,197364 km,Automatic
"Oyo State, Ibadan",Toyota Camry 2002 Gold,"5,720,000",Local Used,15533 km,Automatic
"Oyo State, Ibadan",Honda Civic 2001 Silver,"2,625,000",Local Used,108771 km,Manual
"Oyo State, Ibadan",Subaru Forester 2006 Gray,"3,360,000",Local Used,256603 km,Automatic
"Lagos State, Ajah",Toyota Corolla S 2008 Blue,"5,979,750",Local Used,314204 km,Automatic
"Abuja (FCT), Kubwa",Pontiac Vibe 2009 Blue,"6,090,000",Local Used,175289 km,Automatic
"Akwa Ibom State, Uyo",Land Rover Range Rover Evoque Pure Plus AWD 2013 Black,"19,760,000",Local Used,92936 km,Automatic
"Lagos State, Alimosho",Audi A6 2008 Blue,"6,510,000",Local Used,547573 km,Automatic
"Lagos State, Alimosho",Nissan Sentra 2014 Black,"9,450,000",Foreign Used,174446 km,Automatic
"Lagos State, Isolo",Kia Rio 2008 Black,"2,940,000",Local Used,227564 km,Automatic
"Oyo State, Ibadan",Toyota Corolla 2011 Black,"8,320,000",Local Used,120676 km,Automatic
"Abuja (FCT), Garki 2",Mercedes-Benz GL-Class 2010 Black,"8,925,000",Local Used,200533 km,Automatic
"Lagos State, Abule Egba",Toyota Corolla 2003 Gray,"5,200,000",Local Used,125017 km,Automatic
"Oyo State, Ibadan",Honda Accord 2005 Gray,"3,640,000",Local Used,210252 km,Automatic
"Oyo State, Ibadan",Toyota Sienna 2002 Blue,"3,150,000",Local Used,210450 km,Automatic
"Abia State, Aba North",Toyota Venza 2013 Black,"16,640,000",Local Used,64558 km,Automatic
"Abuja (FCT), Garki 2",Nissan Pathfinder 2008 Black,"5,460,000",Local Used,208245 km,Automatic
"Abuja (FCT), Garki 2",Toyota Corolla 2014 Gray,"13,699,875",Foreign Used,201400 km,Automatic
"Delta State, Oshimili South",Honda Odyssey 1999 Brown,"2,100,000",Local Used,301102 km,Automatic
"Lagos State, Surulere",Toyota Venza 2009 Black,"16,065,000",Foreign Used,153486 km,Automatic
"Ondo State, Akure",BMW Z4 3.0i 2003 Gray,"18,900,000",Foreign Used,322482 km,Automatic
"Lagos State, Ogudu",Peugeot RC 2011 Silver,"13,650,000",Foreign Used,97409 km,Manual
"Lagos State, Ikoyi",Lexus LX 2018 Black,"105,000,000",Foreign Used,38965 km,Automatic
"Lagos State, Ikorodu",Hyundai Sonata 2011 Black,"6,300,000",Local Used,190026 km,Automatic
"Oyo State, Ibadan",Hyundai Elantra 2002 Gold,"2,625,000",Local Used,178434 km,Automatic
"Ogun State, Abeokuta North",Hyundai Elantra 2008 Black,"3,360,000",Local Used,243151 km,Automatic
"Enugu State, Enugu",Lexus RX 300 2000 Gold,"4,992,000",Local Used,133176 km,Automatic
"Abuja (FCT), Central Business District",Lexus ES 2019 Blue,"70,720,000",Foreign Used,64698 km,Automatic
"Abuja (FCT), Garki 2",Toyota Highlander 2015 Gray,"31,200,000",Foreign Used,131603 km,Automatic
"Lagos State, Lekki",Toyota Sienna 2000 Beige,"4,680,000",Local Used,359891 km,Automatic
"Imo State, Owerri",Toyota Camry 2006 Red,"4,410,000",Local Used,397946 km,Automatic
"Abuja (FCT), Jabi",Mercedes-Benz GLE-Class 2020 Black,"94,500,000",Foreign Used,96714 km,Automatic
"Oyo State, Ibadan",Toyota Corolla 2003 Silver,"4,700,000",Local Used,136333 km,Automatic
"Lagos State, Amuwo-Odofin",Toyota Venza 2014 Blue,"26,000,000",Foreign Used,278622 km,Automatic
"Abuja (FCT), Gwarinpa",Peugeot 406 2007 Blue,"2,940,000",Local Used,999999 km,Manual
"Lagos State, Kosofe",Toyota Corolla 2009 Gray,"5,775,000",Local Used,141071 km,Automatic
"Lagos State, Lekki",Ford Edge 2014 White,"8,528,000",Local Used,223021 km,Automatic
"Lagos State, Lekki",Lexus ES 2013 Silver,"23,400,000",Foreign Used,111792 km,Automatic
"Lagos State, Ojodu",Toyota Yaris Sedan Automatic 2007 Gray,"4,567,500",Local Used,262087 km,Automatic
"Lagos State, Alimosho",Honda CR-V 2016 Gray,"16,275,000",Local Used,52771 km,Automatic
"Abuja (FCT), Jabi",Hyundai Tucson 2012 Black,"12,915,000",Foreign Used,142914 km,Automatic
"Abuja (FCT), Gwarinpa",Toyota Corolla 2010 White,"9,256,008",Local Used,91697 km,Automatic
"Lagos State, Lekki",Honda Odyssey 2013 Black,"12,600,000",Local Used,51436 km,Automatic
"Kaduna State, Kaduna / Kaduna State",Kia Picanto 2014 Black,"4,725,000",Local Used,108015 km,Automatic
"Lagos State, Abule Egba",Lexus RX 300 1999 Gold,"4,160,000",Local Used,116075 km,Automatic
"Lagos State, Yaba",MG MGB 2010 Silver,"5,250,000",Local Used,57602 km,Automatic
"Lagos State, Ikeja",Toyota Camry 2008 Silver,"8,112,000",Local Used,128060 km,Automatic
"Lagos State, Lekki",Toyota Land Cruiser Prado 2015 White,"30,500,000",Local Used,156515 km,Automatic
"Lagos State, Ajah",Toyota Corolla 2005 White,"4,725,000",Local Used,379527 km,Automatic
"Kaduna State, Kaduna / Kaduna State",Toyota Corolla 2012 Gray,"8,840,000",Local Used,273432 km,Automatic
"Abuja (FCT), Gwarinpa",Honda Accord 2006 Black,"2,940,000",Local Used,371385 km,Automatic
"Abuja (FCT), Kubwa",Toyota Sienna 2005 Gold,"6,240,000",Local Used,104759 km,Automatic
"Lagos State, Alimosho",Mercedes-Benz C300 2009 Black,"6,825,000",Local Used,71351 km,Automatic
"Lagos State, Surulere",Honda Pilot 2005 Gold,"2,730,000",Local Used,403871 km,Automatic
"Lagos State, Yaba",Nissan Primera 2001 Blue,"1,575,000",Local Used,264525 km,Manual
"Enugu State, Enugu",Toyota Camry 2008 Gray,"7,280,000",Local Used,214912 km,Automatic
"Abuja (FCT), Gudu",Toyota Camry 2017 Blue,"19,760,000",Foreign Used,238737 km,Automatic
"Abuja (FCT), Lugbe District",Toyota Highlander 2004 White,"7,280,000",Local Used,317522 km,Automatic
"Lagos State, Kosofe",Toyota Sienna 2004 Silver,"5,775,000",Local Used,238391 km,Automatic
"Lagos State, Lekki",Toyota Camry 2015 Silver,"15,600,000",Local Used,79241 km,Automatic
"Lagos State, Isolo",Jeep Liberty 2004 Black,"4,200,000",Local Used,236885 km,Automatic
"Abuja (FCT), Gwagwalada",Toyota Corolla 2008 Gray,"6,825,000",Local Used,411220 km,Automatic
"Lagos State, Ikorodu",Toyota Camry 2.4 XLi 2005 Green,"6,240,000",Local Used,304672 km,Automatic
"Abuja (FCT), Garki 2",Toyota Corolla 2015 Green,"15,600,000",Foreign Used,281666 km,Automatic
"Lagos State, Ojodu",Toyota Sienna LE FWD (3.3L V6 5A) 2004 Blue,"6,760,000",Local Used,155719 km,Automatic
"Enugu State, Enugu",Toyota Corolla 2010 Black,"11,232,000",Local Used,96990 km,Automatic
"Lagos State, Amuwo-Odofin",Mercedes-Benz E350 2014 Silver,"25,584,000",Foreign Used,216947 km,Automatic
"Abuja (FCT), Gwarinpa",Lexus RX 350 2010 Black,"17,325,000",Local Used,190532 km,Automatic
"Lagos State, Ikotun/Igando",Toyota Tundra 2006 Black,"9,450,000",Local Used,139664 km,Automatic
"Lagos State, Lekki",Mercedes-Benz G-Class 2002 Black,"18,375,000",Local Used,Automatic,Automatic
"Lagos State, Surulere",Land Rover Lr3 2005 Blue,"6,510,000",Local Used,310441 km,Automatic
"Rivers State, Port-Harcourt",Hyundai Santa Fe 2015 White,"19,950,000",Foreign Used,165084 km,Automatic
"Abuja (FCT), Wuse",Toyota Highlander 2008 Silver,"10,500,000",Local Used,214457 km,Automatic
"Abuja (FCT), Asokoro",Toyota Corolla 2011 Red,"6,720,000",Local Used,262278 km,Automatic
"Lagos State, Kosofe",Toyota Corolla 1998 Gray,"2,310,000",Local Used,351676 km,Automatic
"Lagos State, Ogba",Honda CR-V 2010 Black,"5,775,000",Local Used,69080 km,Automatic
"Lagos State, Surulere",Lexus RX 330 2005 Gray,"13,000,000",Foreign Used,188027 km,Automatic
"Lagos State, Abule Egba",Toyota Aygo 2015 Black,"6,615,000",Local Used,30097 km,Manual
"Lagos State, Ogudu",Nissan Rogue 2011 Blue,"7,350,000",Local Used,122308 km,Automatic
"Akwa Ibom State, Uyo",Toyota Camry 2002 Silver,"4,680,000",Local Used,282699 km,Automatic
"Rivers State, Port-Harcourt",Toyota Camry 2002 Black,"3,120,000",Local Used,92538 km,Automatic
"Lagos State, Ogudu",Toyota Sienna 2004 Silver,"4,788,000",Local Used,214474 km,Automatic
"Oyo State, Ibadan",Volkswagen Golf 1994 Black,"2,205,000",Local Used,52327 km,Manual
"Abuja (FCT), Kubwa",Kia Optima 2010 Gray,"3,255,000",Local Used,215854 km,Manual
"Lagos State, Ikeja",Ford Edge 2015 Silver,"20,800,000",Local Used,63312 km,Automatic
"Lagos State, Abule Egba",Mercedes-Benz C300 2008 Black,"12,480,000",Foreign Used,306078 km,Automatic
"Lagos State, Lekki",Ford F-150 2013 Black,"11,340,000",Local Used,95116 km,Automatic
"Akwa Ibom State, Uyo",Honda Crosstour 3.5 FWD 2010 Red,"6,300,000",Local Used,64599 km,Automatic
"Lagos State, Lekki",Nissan Altima 2.5 SL 2005 Black,"2,814,000",Local Used,121744 km,Automatic
"Ogun State, Abeokuta North",Toyota Corolla 2007 Gray,"7,350,000",Foreign Used,385414 km,Automatic
"Lagos State, Lekki",Toyota 4-Runner 2013 Black,"52,500,000",Local Used,108028 km,Automatic
"Oyo State, Ibadan",Toyota Camry 2003 Gray,"4,576,000",Local Used,131608 km,Automatic
"Lagos State, Amuwo-Odofin",BMW 528i 2016 Black,"19,950,000",Local Used,255959 km,Automatic
"Edo State, Benin City",Lexus RX 350 2008 Black,"8,925,000",Local Used,189478 km,Automatic
"Abuja (FCT), Lugbe District",Toyota Corolla 2005 Blue,"7,875,000",Foreign Used,1398397 km,Automatic
"Delta State, Oshimili South",Toyota 4-Runner 1997 Green,"3,727,500",Local Used,191745 km,Automatic
"Abuja (FCT), Asokoro",Mercedes-Benz GLA 250 2021 Gray,"67,600,000",Foreign Used,34689 km,Automatic
"Lagos State, Ogba",Nissan Pathfinder 2005 Brown,"3,150,000",Local Used,98519 km,Automatic
"Lagos State, Lekki",Mercedes-Benz GLE-Class 2020 White,"94,500,000",Foreign Used,109001 km,Automatic
"Abuja (FCT), Garki 2",Peugeot 301 2013 Gray,"4,725,000",Local Used,198042 km,Automatic
"Abuja (FCT), Lugbe District",Peugeot 408 2011 Black,"3,675,000",Foreign Used,732232 km,Automatic
"Abuja (FCT), Garki 2",Mercedes-Benz GLA 250 2015 White,"20,215,125",Local Used,116687 km,Automatic
"Abuja (FCT), Garki 2",Hyundai Elantra 2021 White,"36,750,000",Foreign Used,74403 km,Automatic
"Lagos State, Surulere",Volkswagen Sharan 1999 Blue,"3,150,000",Local Used,295551 km,Manual
"Abuja (FCT), Gudu",Acura ZDX 2010 Black,"9,030,000",Local Used,92229 km,Automatic
"Abuja (FCT), Kubwa",Volvo S60 2004 Green,"2,100,000",Local Used,274395 km,Automatic
"Lagos State, Isolo",Lexus LS 2011 Black,"10,500,000",Local Used,62256 km,Automatic
"Lagos State, Lekki",Mercedes-Benz GLE-Class 2016 White,"33,280,000",Local Used,116861 km,Automatic
"Lagos State, Ogudu",Toyota Sienna 2008 White,"12,480,000",Foreign Used,199139 km,Automatic
"Abuja (FCT), Gwarinpa",Honda Stream 2001 White,"2,415,000",Local Used,261864 km,Automatic
"Abuja (FCT), Central Business District",Hyundai Santa Fe 2003 Black,"4,410,000",Local Used,194714 km,Automatic
"Lagos State, Magodo",Toyota Venza 2013 Black,"13,545,000",Local Used,182669 km,Automatic
"Lagos State, Magodo",Lexus RX 350 2007 Gray,"7,476,000",Local Used,178015 km,Automatic
"Abuja (FCT), Lugbe District",Mercedes-Benz E350 2010 Blue,"10,500,000",Local Used,118754 km,Automatic
"Abuja (FCT), Lugbe District",Mercedes-Benz C300 2009 Black,"8,840,000",Local Used,317868 km,Automatic
"Lagos State, Yaba",Honda Accord 2000 Red,"3,120,000",Local Used,482800 km,Automatic
"Rivers State, Port-Harcourt",Land Rover Lr3 SE 2005 Black,"5,250,000",Local Used,200333 km,Automatic
"Abuja (FCT), Kubwa",BMW X3 2005 Silver,"5,250,000",Local Used,252079 km,Automatic
"Rivers State, Port-Harcourt",Volkswagen Passat 1999 Silver,"2,100,000",Local Used,170885 km,Manual
"Lagos State, Isolo",Toyota Highlander 2004 Black,"4,620,000",Local Used,199003 km,Automatic
"Lagos State, Lekki",Toyota Venza V6 2010 Silver,"18,500,625",Foreign Used,217038 km,Automatic
"Lagos State, Ilupeju",Mercedes-Benz C-Class 2005 Black,"6,300,000",Local Used,Automatic,Automatic
"Lagos State, Isolo",Toyota Corolla 2015 Silver,"14,700,000",Foreign Used,126100 km,Automatic
"Abuja (FCT), Asokoro",Mercedes-Benz E350 2015 White,"23,920,000",Foreign Used,288024 km,Automatic
"Lagos State, Lekki",Toyota Sienna XLE FWD 2019 Red,"33,600,000",Foreign Used,7579 km,Automatic
"Lagos State, Amuwo-Odofin",Honda CR-V 1999 Blue,"2,808,000",Local Used,234641 km,Automatic
"Ogun State, Abeokuta North",Toyota Avalon 2005 Silver,"3,990,000",Local Used,268674 km,Automatic
"Abuja (FCT), Gwarinpa",Honda Pilot 2008 Black,"3,564,750",Local Used,125162 km,Automatic
"Lagos State, Ikorodu",Nissan Xterra Automatic 2003 Red,"3,255,000",Local Used,154231 km,Automatic
"Lagos State, Ikeja",Mercedes-Benz GLE-Class 2017 Black,"49,400,000",Foreign Used,128560 km,Automatic
"Lagos State, Kosofe",Lexus RX 300 2001 Black,"5,200,000",Local Used,222035 km,Automatic
"Enugu State, Enugu",Toyota Camry 2008 Black,"7,072,000",Local Used,164651 km,Automatic
"Rivers State, Port-Harcourt",Honda CR-V 2006 Gold,"3,297,000",Local Used,147964 km,Automatic
"Oyo State, Ibadan",Honda Accord 2014 White,"15,600,000",Foreign Used,219024 km,Automatic
"Oyo State, Ibadan",Pontiac Vibe 2009 Blue,"9,360,000",Local Used,132014 km,Automatic
"Lagos State, Ojodu",Toyota Corolla 2016 Black,"9,450,000",Local Used,166130 km,Automatic
"Lagos State, Yaba",Ford Edge 2008 Gray,"4,284,000",Local Used,303848 km,Automatic
"Lagos State, Abule Egba",Toyota Sienna 1999 Green,"3,120,000",Local Used,265013 km,Automatic
"Lagos State, Lekki",Acura MDX SUV 4dr AWD (3.7 6cyl 5A) 2008 Silver,"6,090,000",Local Used,178994 km,Automatic
"Lagos State, Ogudu",Toyota Corolla 2008 Black,"5,460,000",Local Used,203885 km,Automatic
"Lagos State, Alimosho",Toyota Sienna 2011 Red,"14,280,000",Foreign Used,174249 km,Automatic
"Oyo State, Ibadan",Mercedes-Benz M Class 2002 Black,"3,675,000",Local Used,294230 km,Automatic
"Lagos State, Yaba",Mercedes-Benz GLE-Class 2017 White,"52,000,000",Foreign Used,125153 km,Automatic
"Abuja (FCT), Kubwa",Honda Accord 2006 Black,"3,640,000",Local Used,259001 km,Automatic
"Ogun State, Abeokuta North",Opel Zafira 2003 Red,"2,100,000",Local Used,Manual,Manual
"Lagos State, Alimosho",Toyota Camry 2013 Black,"13,125,000",Foreign Used,179031 km,Automatic
"Abuja (FCT), Wuse",Mercedes-Benz GLK-Class 2013 Red,"15,750,000",Local Used,256894 km,Automatic
"Lagos State, Amuwo-Odofin",Toyota RAV4 2008 Silver,"8,840,000",Local Used,203122 km,Automatic
"Abuja (FCT), Central Business District",Toyota Camry 2001 Gold,"2,600,000",Local Used,325453 km,Automatic
"Edo State, Benin City",Toyota Venza 2014 Red,"13,125,000",Local Used,102682 km,Automatic
"Lagos State, Ikorodu",Nissan Altima 2010 Blue,"3,675,000",Local Used,123451 km,Automatic
"Lagos State, Lekki",Toyota RAV4 2011 Blue,"10,712,000",Local Used,122986 km,Automatic
"Oyo State, Ibadan",Toyota Sienna 2005 Gold,"5,250,000",Local Used,199207 km,Automatic
"Oyo State, Ibadan",Nissan Rogue 2010 Gray,"6,615,000",Local Used,219508 km,Automatic
"Lagos State, Ikoyi",Lexus RX 330 2004 Silver,"8,925,000",Foreign Used,135019 km,Automatic
"Lagos State, Alimosho",Toyota Corolla 2009 Black,"2,362,500",Local Used,213974 km,Manual
"Lagos State, Abule Egba",Lexus ES 2007 Gray,"8,400,000",Local Used,240032 km,Automatic
"Rivers State, Port-Harcourt",BMW 328i 2012 Silver,"12,075,000",Local Used,275836 km,CVT
"Abuja (FCT), Gwarinpa",BMW 323i 2006 Black,"6,825,000",Local Used,197446 km,Manual
"Lagos State, Mushin",Kia Sorento 2014 Silver,"10,500,000",Local Used,73746 km,Automatic
"Lagos State, Amuwo-Odofin",Ford Edge 2007 Black,"4,395,562",Local Used,301723 km,Automatic
"Lagos State, Surulere",Hyundai Sonata 2011 Black,"11,235,000",Foreign Used,245115 km,Automatic
"Lagos State, Ikorodu",Nissan Xterra Automatic 2005 Black,"4,200,000",Local Used,174176 km,Automatic
"Abuja (FCT), Gwarinpa",Honda Accord 2004 Silver,"2,310,000",Local Used,197446 km,Automatic
"Abuja (FCT), Gwarinpa",Mercedes-Benz G-Class 2009 Black,"47,840,000",Local Used,86571 km,Automatic
"Edo State, Benin City",Toyota Camry 2000 Gray,"2,100,000",Local Used,295262 km,Automatic
"Lagos State, Ikorodu",Land Rover Range Rover Sport 2012 Gray,"7,245,000",Local Used,117415 km,Automatic
"Abuja (FCT), Gudu",Honda Pilot 2004 Silver,"3,570,000",Local Used,324712 km,Automatic
"Rivers State, Port-Harcourt",Lexus RX 350 2009 Blue,"9,360,000",Local Used,294180 km,Automatic
"Lagos State, Alimosho",Toyota Camry 2010 Silver,"5,439,000",Local Used,112591 km,Automatic
"Abuja (FCT), Jabi",Nissan Frontier 2007 Brown,"4,830,000",Local Used,192912 km,Automatic
"Lagos State, Alimosho",Toyota Camry 2008 Red,"7,800,000",Local Used,174233 km,Automatic
"Abuja (FCT), Gudu",Honda Civic 2019 Black,"33,075,000",Local Used,58003 km,CVT
"Lagos State, Surulere",Ford Explorer 2005 Gold,"2,709,000",Local Used,291409 km,Automatic
"Lagos State, Magodo",Toyota Camry 2005 Gold,"8,736,000",Foreign Used,491030 km,Automatic
"Lagos State, Ikeja",Toyota Corolla XSE 2020 Silver,"29,400,000",Foreign Used,195024 km,Automatic
"Abuja (FCT), Jabi",Toyota Avalon 2007 Blue,"4,200,000",Local Used,254890 km,Automatic
"Lagos State, Yaba",Porsche Cayenne 2003 Gray,"10,500,000",Local Used,253600 km,Automatic
"Kaduna State, Kaduna / Kaduna State",Toyota Corolla 2015 Blue,"13,520,000",Local Used,142159 km,Automatic
"Kaduna State, Kaduna / Kaduna State",Pontiac Vibe Automatic 2003 Gray,"6,032,000",Local Used,1 km,Automatic
"Lagos State, Surulere",Ford Edge 2016 Blue,"19,950,000",Local Used,173514 km,Automatic
"Lagos State, Lekki",Honda Accord 2013 Silver,"8,505,000",Local Used,232014 km,Automatic
"Ogun State, Abeokuta North",Ford Explorer 2014 Black,"8,925,000",Local Used,114935 km,Automatic
"Oyo State, Ibadan",Lexus ES 2007 Blue,"6,300,000",Local Used,170837 km,Automatic
"Abuja (FCT), Lugbe District",Mercedes-Benz C230 2007 Silver,"4,935,000",Foreign Used,327510 km,Automatic
"Abuja (FCT), Gudu",Toyota Matrix 2005 Blue,"3,360,000",Local Used,254325 km,Automatic
"Lagos State, Kosofe",Toyota Avalon 2006 Gray,"4,452,000",Local Used,249602 km,Automatic
"Oyo State, Ibadan",Toyota Camry 2009 Black,"5,712,000",Local Used,179481 km,Automatic
"Abuja (FCT), Gudu",Acura TL 2008 Black,"6,825,000",Local Used,344870 km,Automatic
"Abuja (FCT), Gwagwalada",Honda Accord 2003 Gold,"3,640,000",Local Used,170579 km,Automatic
"Abuja (FCT), Kubwa",Toyota Land Cruiser Prado 2012 Black,"28,350,000",Local Used,23618 km,Automatic
"Abuja (FCT), Gwarinpa",Nissan Frontier 2005 White,"8,400,000",Local Used,353908 km,Automatic
"Abuja (FCT), Wuse",Kia Optima 2012 Gray,"11,025,000",Foreign Used,66114 km,Automatic
"Oyo State, Ibadan",Toyota Sequoia 2001 Blue,"5,775,000",Local Used,160181 km,Automatic
"Lagos State, Kosofe",Honda Accord 1998 Black,"1,785,000",Local Used,Automatic,Automatic
"Ogun State, Abeokuta North",Toyota Highlander 2012 White,"17,680,000",Local Used,181401 km,Automatic
"Lagos State, Ogba",Toyota Camry 2007 Gray,"7,280,000",Local Used,151370 km,Automatic
"Lagos State, Amuwo-Odofin",Toyota Avalon 2006 Gold,"4,672,500",Local Used,184052 km,Automatic
"Abuja (FCT), Gwarinpa",Mercedes-Benz S-Class 2007 Black,"9,135,000",Local Used,346695 km,Automatic
"Lagos State, Alimosho",Toyota Camry 2005 Burgandy,"6,738,375",Foreign Used,513744 km,Automatic
"Lagos State, Ajah",Mercedes-Benz M Class 2006 Silver,"8,320,000",Local Used,297690 km,Automatic
"Ondo State, Akure",Toyota Venza V6 2012 Black,"14,560,000",Local Used,265174 km,Automatic
"Lagos State, Lekki",Honda Civic LX 4dr Sedan (2.0L 4cyl) 2017 Silver,"18,720,000",Foreign Used,63862 km,Automatic
"Lagos State, Alimosho",Hyundai Sonata 2011 Gray,"9,450,000",Foreign Used,256982 km,Automatic
"Lagos State, Ikorodu",Mazda 626 2007 Gray,"7,245,000",Local Used,304648 km,Automatic
"Lagos State, Ikeja",Toyota Corolla 2010 Black,"8,216,000",Local Used,200797 km,Automatic
"Lagos State, Ogudu",Toyota Camry 2008 Gold,"6,300,000",Local Used,97490 km,Automatic
"Lagos State, Abule Egba",Honda Accord 2007 Gray,"3,640,000",Local Used,129224 km,Automatic
"Enugu State, Enugu",Toyota Corolla 2007 Gray,"3,675,000",Local Used,320000 km,Automatic
"Abuja (FCT), Garki 2",Kia Mohave 2016 Black,"6,300,000",Local Used,140728 km,Automatic
"Abuja (FCT), Lugbe District",Mercedes-Benz C200 2001 Silver,"3,675,000",Local Used,257475 km,Automatic
"Abuja (FCT), Lugbe District",Peugeot 307 1.6 Break Oxygo 2007 Silver,"2,171,400",Local Used,411880 km,Manual
"Akwa Ibom State, Uyo",Toyota 4-Runner 2014 Gray,"28,350,000",Local Used,93771 km,Automatic
"Lagos State, Ikorodu",Toyota Venza 2010 Purple,"14,560,000",Local Used,125213 km,Automatic
"Lagos State, Ojodu",Toyota Camry 2002 Gray,"3,952,000",Local Used,139581 km,Automatic
"Lagos State, Lekki",Ford Explorer 2015 Black,"9,660,000",Local Used,63840 km,Automatic
"Abuja (FCT), Lugbe District",Toyota Camry 2007 Gray,"6,300,000",Local Used,414567 km,Automatic
"Lagos State, Lekki",Toyota Camry 2010 Black,"6,132,000",Local Used,128933 km,Automatic
"Enugu State, Enugu",Nissan 240SX 2000 Silver,"1,890,000",Local Used,300000 km,Manual
"Lagos State, Surulere",Toyota RAV4 2021 Black,"38,850,000",Foreign Used,22773 km,Automatic
"Abia State, Aba North",Toyota Camry 2008 Black,"7,800,000",Local Used,235716 km,Automatic
"Abuja (FCT), Gudu",Toyota Corolla 2005 Gray,"5,000,000",Local Used,289015 km,Automatic
"Lagos State, Yaba",Lexus RX 350 2008 Black,"10,400,000",Local Used,304450 km,Automatic
"Abuja (FCT), Wuse",Acura RDX 2008 Gray,"6,825,000",Local Used,146223 km,Automatic
"Imo State, Owerri",Toyota Camry 2011 Black,"9,360,000",Local Used,262082 km,Automatic
"Abuja (FCT), Garki 2",Peugeot 307 2004 Blue,"4,160,000",Local Used,228578 km,Manual
"Abuja (FCT), Asokoro",Mazda 323 1998 Silver,"2,100,000",Local Used,196817 km,Manual
"Lagos State, Alimosho",Toyota Sienna 2005 White,"6,760,000",Local Used,228098 km,Automatic
"Abuja (FCT), Lugbe District",Toyota Avensis 2014 Silver,"11,550,000",Local Used,114782 km,Automatic
"Lagos State, Yaba",Mazda CX-9 2008 Gray,"4,830,000",Local Used,299811 km,Automatic
"Abuja (FCT), Wuse",Hyundai Santa Fe 2008 Red,"4,725,000",Local Used,182250 km,Automatic
"Rivers State, Port-Harcourt",Toyota Camry 2008 Silver,"5,460,000",Local Used,109670 km,Automatic
"Lagos State, Lekki",Lexus NX 2020 Gray,"42,000,000",Local Used,68842 km,Automatic
"Lagos State, Lekki",Toyota Camry 2011 Silver,"11,232,000",Foreign Used,212841 km,Automatic
"Lagos State, Ogba",Toyota Highlander 2003 Green,"5,512,000",Local Used,263757 km,Automatic
"Lagos State, Yaba",Kia Sportage 2005 Brown,"3,990,000",Local Used,172369 km,Automatic
"Abuja (FCT), Karu",Peugeot 206 CC 1999 Black,"2,940,000",Local Used,231548 km,Manual
"Lagos State, Amuwo-Odofin",Honda Accord 2004 Gray,"3,120,000",Local Used,241748 km,Automatic
"Lagos State, Ikorodu",Toyota Corolla Sedan 2003 Blue,"4,784,000",Local Used,195455 km,Automatic
"Lagos State, Isolo",Toyota Corolla 2006 Blue,"5,928,000",Local Used,206794 km,Automatic
"Lagos State, Ikotun/Igando",Honda Civic 2008 Gray,"4,160,000",Local Used,192582 km,Automatic
"Lagos State, Mushin",Toyota Highlander 2019 Gray,"35,700,000",Foreign Used,234636 km,Automatic
"Abuja (FCT), Karu",Honda Accord 2009 Black,"4,373,250",Local Used,165314 km,Automatic
"Lagos State, Ilupeju",Mercedes-Benz M Class 2014 Black,"34,320,000",Foreign Used,98239 km,Automatic
"Abuja (FCT), Wuse",Toyota Corolla 2009 Black,"8,320,000",Local Used,184362 km,Automatic
"Enugu State, Enugu",Toyota Camry 2009 Red,"7,280,000",Local Used,131724 km,Automatic
"Lagos State, Ojodu",Volkswagen Tiguan 2012 Black,"7,875,000",Local Used,33033 km,Automatic
"Lagos State, Lekki",Mercedes-Benz GLC-Class 2016 Gray,"52,000,000",Local Used,78391 km,Automatic
"Lagos State, Surulere",Toyota Camry 2007 Blue,"5,145,000",Local Used,138292 km,Automatic
"Ogun State, Abeokuta North",Toyota Camry 2005 Black,"5,200,000",Local Used,275824 km,Automatic
"Ogun State, Abeokuta North",Lexus IS 2006 Silver,"7,350,000",Local Used,115558 km,Automatic
"Abuja (FCT), Wuse",Lexus ES 2013 Gray,"18,720,000",Local Used,253200 km,Automatic
"Rivers State, Port-Harcourt",Toyota RAV4 2008 Green,"8,840,000",Local Used,124968 km,Automatic
"Lagos State, Ikeja",Toyota Camry 2011 Gray,"10,038,000",Foreign Used,389255 km,Automatic
"Lagos State, Alimosho",BMW X5 2009 Black,"13,125,000",Foreign Used,185402 km,Automatic
"Oyo State, Ibadan",BMW X5 2008 White,"7,350,000",Local Used,182927 km,Automatic
"Lagos State, Yaba",Kia Sorento 2005 Silver,"5,250,000",Local Used,163230 km,Automatic
"Abuja (FCT), Lugbe District",Toyota Highlander Limited 3.5l 4WD 2013 Black,"14,505,750",Local Used,207282 km,Automatic
"Lagos State, Ikorodu",Lexus LS 460 L 2012 Black,"10,500,000",Foreign Used,277797 km,Automatic
"Lagos State, Abule Egba",Acura MDX 2008 Red,"7,280,000",Local Used,190082 km,Automatic
"Abuja (FCT), Gwarinpa",Suzuki VS 2007 Black,"5,250,000",Local Used,262550 km,Automatic
"Lagos State, Amuwo-Odofin",Toyota Sienna 2023 Black,"66,675,000",Foreign Used,160932 km,Automatic
"Lagos State, Kosofe",Chevrolet Nubira 2005 Silver,"3,675,000",Local Used,251861 km,Manual
"Lagos State, Magodo",Nissan Murano 2004 Gray,"4,095,000",Local Used,190166 km,Automatic
"Abuja (FCT), Gwarinpa",Mercedes-Benz C350 2012 Gray,"20,072,000",Foreign Used,133835 km,Automatic
"Lagos State, Ikorodu",Toyota Camry 2.3 2007 Green,"5,827,500",Local Used,86426 km,Automatic
"Lagos State, Ikorodu",Nissan UA-QG 2007 White,"8,925,000",Foreign Used,Manual,Manual
"Abuja (FCT), Asokoro",Toyota Corolla 2010 Gray,"8,320,000",Local Used,119173 km,Automatic
"Lagos State, Alimosho",Honda Accord 2007 Black,"2,625,000",Local Used,172188 km,Automatic
"Lagos State, Ikorodu",Honda Accord 2004 Purple,"8,400,000",Foreign Used,225429 km,Automatic
"Abuja (FCT), Gudu",Toyota Camry 2010 Blue,"6,825,000",Local Used,138208 km,Automatic
"Oyo State, Ibadan",Lexus RX 300 2000 Black,"4,160,000",Local Used,221926 km,Automatic
"Lagos State, Alimosho",Toyota RAV4 2013 Black,"24,960,000",Foreign Used,116196 km,Automatic
"Rivers State, Port-Harcourt",Honda Odyssey 2008 White,"3,780,000",Local Used,453745 km,Automatic
"Lagos State, Isolo",Toyota RAV4 2015 Gray,"17,850,000",Foreign Used,93158 km,Automatic
"Lagos State, Alimosho",Toyota Camry 2007 Blue,"6,760,000",Local Used,157269 km,Automatic
"Lagos State, Amuwo-Odofin",Toyota Corolla 2009 Silver,"7,800,000",Local Used,314699 km,Automatic
"Lagos State, Lekki",Mercedes-Benz S-Class 2008 Black,"10,500,000",Foreign Used,205832 km,Automatic
"Lagos State, Isolo",Infiniti QX56 2011 Ivory,"15,750,000",Local Used,91866 km,Automatic
"Delta State, Oshimili South",Mazda CX-7 2007 Blue,"4,200,000",Local Used,180466 km,Automatic
"Lagos State, Ogba",Honda Shuttle 2000 Blue,"2,415,000",Local Used,403229 km,Automatic
"Enugu State, Enugu",Ford Fusion 2010 White,"3,465,000",Local Used,375096 km,Automatic
"Lagos State, Abule Egba",Nissan Armada 2008 Gold,"7,035,000",Local Used,48696 km,Automatic
"Lagos State, Lekki",Ford Edge 2011 Brown,"7,644,000",Local Used,146477 km,Automatic
"Lagos State, Surulere",Mercedes-Benz GLE-Class 2020 Gray,"95,680,000",Local Used,92023 km,Automatic
"Lagos State, Ojodu",Nissan Xterra SE 4x4 2006 Blue,"2,257,500",Local Used,346421 km,Automatic
"Lagos State, Yaba",Honda Accord 2017 Black,"20,800,000",Local Used,91976 km,Automatic
"Lagos State, Ojodu",Nissan Almera Tino 2004 Silver,"2,730,000",Local Used,283759 km,Automatic
"Oyo State, Ibadan",Honda Accord 2008 Gray,"4,725,000",Local Used,94636 km,Automatic
"Oyo State, Ibadan",Hyundai Sonata 2018 Black,"22,880,000",Foreign Used,69214 km,Automatic
"Delta State, Oshimili South",Toyota Corolla 2019 Red,"22,050,000",Local Used,79506 km,CVT
"Imo State, Owerri",Nissan Rogue SV 2012 Silver,"11,970,000",Local Used,188852 km,CVT
"Lagos State, Ogba",Toyota Corolla 2016 Gray,"10,500,000",Local Used,128153 km,Automatic
"Abuja (FCT), Garki 2",Honda Accord 2007 Black,"4,160,000",Local Used,171592 km,Automatic
"Abuja (FCT), Wuse",Nissan X-Trail 2005 Black,"3,675,000",Local Used,422001 km,Automatic
"Abuja (FCT), Wuse",Toyota Venza 2015 Silver,"21,000,000",Foreign Used,129692 km,Automatic
"Imo State, Owerri",Lexus ES 350 2010 Gold,"8,925,000",Local Used,221450 km,Automatic
"Abuja (FCT), Gudu",Toyota RAV4 2008 Red,"7,140,000",Local Used,248717 km,Automatic
"Lagos State, Isolo",Toyota Highlander 2022 White,"97,760,000",Foreign Used,47985 km,Automatic
"Lagos State, Isolo",Toyota Camry 2004 Silver,"4,160,000",Local Used,2106116 km,Automatic
"Lagos State, Lekki",Mercedes-Benz GLE-Class 2020 Silver,"109,200,000",Foreign Used,154264 km,Automatic
"Lagos State, Yaba",Honda Accord 2018 Gray,"28,080,000",Foreign Used,113637 km,Automatic
"Rivers State, Port-Harcourt",Toyota Camry 2011 Gold,"9,450,000",Local Used,278832 km,CVT
"Ogun State, Abeokuta North",Kia Sedona 2006 Silver,"3,150,000",Local Used,301422 km,Automatic
"Ondo State, Akure",Lexus RX 350 2010 Gray,"16,800,000",Local Used,164667 km,Automatic
"Lagos State, Ikeja",Toyota Highlander 2012 Blue,"23,400,000",Foreign Used,228197 km,Automatic
"Lagos State, Yaba",Hyundai Santa Fe 2017 Gray,"23,651,250",Foreign Used,86657 km,Automatic
"Oyo State, Ibadan",Honda Accord 2007 Gray,"2,415,000",Local Used,72715 km,Automatic
"Lagos State, Alimosho",Lexus RX 350 2015 Silver,"27,300,000",Foreign Used,248538 km,Automatic
"Abuja (FCT), Lugbe District",Toyota Highlander Base FWD 2004 Red,"4,904,235",Local Used,453259 km,Automatic
"Rivers State, Port-Harcourt",Chevrolet Optra 2009 Red,"2,100,000",Local Used,Automatic,Automatic
"Lagos State, Ojodu",Toyota Avalon 2003 Black,"4,160,000",Local Used,424439 km,Automatic
"Abuja (FCT), Gwagwalada",Hyundai Sonata 2009 Black,"4,725,000",Local Used,179927 km,Automatic
"Abuja (FCT), Garki 2",Toyota Corolla 2014 Black,"16,640,000",Foreign Used,93071 km,Automatic
"Lagos State, Lekki",Lexus ES 2002 Blue,"5,250,000",Local Used,365708 km,Automatic
"Abuja (FCT), Lugbe District",Toyota Camry 2.4 LE 2008 Blue,"7,072,000",Local Used,255204 km,Automatic
"Delta State, Oshimili South",Hyundai Santa Fe 2022 Black,"27,300,000",Local Used,58011 km,Automatic
"Abuja (FCT), Gwarinpa",Toyota Corolla 2008 Red,"7,072,000",Local Used,100937 km,Automatic
"Oyo State, Ibadan",Mazda 626 2000 Gold,"2,100,000",Local Used,390042 km,Automatic
"Oyo State, Ibadan",Toyota Camry 2007 Silver,"6,760,000",Local Used,111950 km,Automatic
"Lagos State, Ikeja",Hyundai Tucson 2009 Black,"4,725,000",Local Used,332658 km,Automatic
"Abuja (FCT), Lugbe District",Toyota Camry 2008 White,"4,830,000",Local Used,424806 km,Automatic
"Lagos State, Amuwo-Odofin",Toyota Corolla 2005 Silver,"5,000,000",Local Used,169420 km,Automatic
"Lagos State, Amuwo-Odofin",Toyota Corolla 2006 Blue,"6,240,000",Local Used,482800 km,Automatic
"Lagos State, Isolo",Honda Accord 2005 Black,"2,268,000",Local Used,194416 km,Automatic
"Lagos State, Lekki",Toyota Venza 2013 White,"15,600,000",Local Used,117557 km,Automatic
"Lagos State, Isolo",Toyota RAV4 2005 Silver,"3,255,000",Local Used,236887 km,Automatic
"Lagos State, Ikotun/Igando",Ford Fusion 2015 Burgandy,"8,925,000",Foreign Used,306572 km,Automatic
"Lagos State, Ilupeju",Toyota Camry 2007 Gray,"5,934,600",Local Used,153206 km,Automatic
"Oyo State, Ibadan",Toyota Corolla 2014 Gray,"12,480,000",Local Used,96337 km,Automatic
"Abuja (FCT), Karu",Toyota Corolla 2005 Red,"5,040,000",Local Used,235145 km,Automatic
"Ondo State, Akure",Toyota Corolla 2009 Silver,"8,320,000",Local Used,234401 km,Automatic
"Lagos State, Amuwo-Odofin",Mercedes-Benz M Class ML 350 4Matic 2012 White,"18,585,000",Local Used,201262 km,Automatic
"Abuja (FCT), Lugbe District",Toyota Highlander 2018 Burgandy,"42,000,000",Foreign Used,54097 km,Automatic
