CAR NAME,LOCATION,PRICE IN NAIRA,USE HISTORY,MILAGE,TRANSMISSION
Hyundai Sonata 2011 Blue,"Lagos State, Kosofe","13,500,000",Foreign Used,169131 km,Automatic
Lexus RX 350 2021 Black,"Lagos State, Lekki","64,125,000",Foreign Used,39248 km,Automatic
Toyota Corolla 2003 Burgandy,"Lagos State, Ogba","4,837,500",Local Used,119517 km,Automatic
Toyota Camry 2009 Silver,"Lagos State, Abule Egba","9,000,000",Local Used,185620 km,Automatic
Volvo XC90 2007 Green,"Lagos State, Abule Egba","5,400,000",Local Used,316772 km,Automatic
Toyota Venza 2009 Gold,"Abuja (FCT), Wuse","13,500,000",Local Used,168771 km,Automatic
Toyota Camry 2009 Silver,"Rivers State, Port-Harcourt","12,375,000",Local Used,246642 km,Automatic
Ford Escape 2009 Gray,"Lagos State, Ojodu","4,320,000",Local Used,328891 km,Automatic
Kia Optima 2013 Gray,"Lagos State, Isolo","19,125,000",Foreign Used,80089 km,Automatic
Kia Sportage 2012 Black,"Lagos State, Ikorodu","6,750,000",Local Used,220074 km,Automatic
Toyota Camry 2007 Blue,"Lagos State, Ikeja","5,355,000",Local Used,266542 km,Automatic
Toyota RAV4 2010 Blue,"Abuja (FCT), Jabi","9,562,500",Local Used,153222 km,Automatic
Hyundai Santa Fe 2015 Black,"Abuja (FCT), Karu","18,000,000",Local Used,115992 km,Automatic
Toyota Highlander 2006 White,"Lagos State, Ikeja","9,562,500",Local Used,124733 km,Automatic
Toyota Corolla 2010 Black,"Abuja (FCT), Lugbe District","11,812,500",Foreign Used,433662 km,Automatic
Lexus RX 350 2015 Gray,"Abuja (FCT), Lugbe District","39,375,000",Foreign Used,129228 km,Automatic
Hyundai Sonata 2015 Red,"Lagos State, Ojodu","18,000,000",Local Used,170504 km,Automatic
Honda Odyssey 2.4 2WD 2007 Blue,"Lagos State, Ikorodu","3,375,000",Local Used,301422 km,Automatic
Mazda MPV 2002 Gold,"Lagos State, Alimosho","3,712,500",Local Used,348135 km,Automatic
Toyota 4-Runner 2003 Blue,"Lagos State, Ikorodu","4,950,000",Local Used,152341 km,Automatic
Toyota Camry 2008 Gray,"Edo State, Benin City","7,312,500",Local Used,214417 km,Automatic
Honda Pilot 2007 Black,"Oyo State, Ibadan","4,162,500",Local Used,173279 km,Automatic
Toyota Camry 2002 Gray,"Lagos State, Ogudu","5,062,500",Local Used,393053 km,Automatic
Ford Explorer 2016 Silver,"Delta State, Oshimili South","14,175,000",Local Used,59921 km,Automatic
Honda Civic 2001 Silver,"Abuja (FCT), Kubwa","2,587,500",Local Used,255565 km,Automatic
Lexus ES 1999 Gold,"Rivers State, Port-Harcourt","2,475,000",Local Used,Automatic,Automatic
Mercedes-Benz R-Class 2008 Blue,"Lagos State, Amuwo-Odofin","7,312,500",Local Used,272839 km,Automatic
Nissan Pathfinder LE 4x4 2006 Gray,"Abuja (FCT), Lugbe District","3,780,000",Local Used,206217 km,Automatic
Hyundai Accent 2010 Silver,"Rivers State, Port-Harcourt","3,375,000",Local Used,Manual,Manual
Toyota Corolla CE 2007 Gray,"Lagos State, Amuwo-Odofin","7,875,000",Local Used,329903 km,Automatic
Mercedes-Benz M Class 2012 Gray,"Lagos State, Yaba","22,500,000",Local Used,247749 km,Automatic
Ford Explorer 2016 Black,"Lagos State, Yaba","16,875,000",Local Used,132492 km,Automatic
Toyota Camry 2008 Blue,"Enugu State, Enugu","9,000,000",Local Used,267112 km,Automatic
Chevrolet Uplander Cargo Van FWD 2007 Burgandy,"Lagos State, Amuwo-Odofin","5,625,000",Local Used,283716 km,Automatic
Kia Sportage 2017 White,"Lagos State, Lekki","22,500,000",Local Used,43660 km,Automatic
Nissan Qashqai 2015 Brown,"Rivers State, Port-Harcourt","15,187,500",Local Used,63432 km,Automatic
Toyota Highlander 2015 Black,"Oyo State, Ibadan","33,750,000",Foreign Used,254996 km,Automatic
Toyota Camry 2006 Gold,"Ogun State, Abeokuta North","10,125,000",Foreign Used,207397 km,Automatic
Toyota Highlander 2008 Black,"Ogun State, Abeokuta North","12,375,000",Local Used,113556 km,Automatic
Acura MDX 2009 Gray,"Oyo State, Ibadan","7,875,000",Local Used,104537 km,Automatic
Honda Pilot 2011 Red,"Lagos State, Alimosho","9,000,000",Local Used,104465 km,Automatic
Opel Signum 2005 Red,"Lagos State, Alimosho","4,500,000",Local Used,136822 km,Automatic
Toyota 4-Runner 2003 Black,"Lagos State, Alimosho","7,312,500",Local Used,204134 km,Automatic
Toyota RAV4 2012 Silver,"Lagos State, Ilupeju","22,500,000",Foreign Used,85444 km,Automatic
Lexus RX 350 2019 Gray,"Lagos State, Ajah","50,625,000",Local Used,24651 km,Automatic
Toyota Camry 2.4 LE 2008 Black,"Rivers State, Port-Harcourt","6,187,500",Local Used,57406 km,Automatic
Nissan Quest 2015 Green,"Lagos State, Surulere","11,250,000",Local Used,355321 km,Automatic
Lexus IS 2008 Black,"Lagos State, Lekki","7,650,000",Local Used,92244 km,Automatic
Mercedes-Benz E350 2012 White,"Abuja (FCT), Central Business District","28,125,000",Local Used,57699 km,Automatic
Toyota Highlander V6 2005 Gold,"Kaduna State, Kaduna / Kaduna State","6,525,000",Local Used,99999 km,Automatic
Toyota Avensis 2004 Red,"Lagos State, Lekki","4,500,000",Local Used,338724 km,Automatic
Toyota Camry 2009 Green,"Oyo State, Ibadan","6,975,000",Local Used,162197 km,Automatic
Honda Accord 1996 Red,"Oyo State, Ibadan","1,350,000",Local Used,156138 km,Manual
Nissan Almera 2004 Blue,"Oyo State, Ibadan","3,375,000",Local Used,267118 km,Manual
Toyota RAV4 LE FWD (2.5L 4cyl 6A) 2017 Gray,"Lagos State, Lekki","24,300,000",Foreign Used,325276 km,Automatic
Land Rover Range Rover Evoque 2018 White,"Lagos State, Kosofe","33,750,000",Local Used,126854 km,Automatic
Lexus RX 300 2001 Gray,"Abuja (FCT), Kubwa","3,661,875",Local Used,211688 km,Automatic
Toyota Sienna 2007 Blue,"Lagos State, Ikeja","10,462,500",Foreign Used,238088 km,Automatic
Mercedes-Benz GLK-Class 2012 Gray,"Lagos State, Ojodu","16,875,000",Local Used,69112 km,Automatic
Honda CR-V Automatic 2005 Black,"Akwa Ibom State, Uyo","3,600,000",Local Used,213738 km,Automatic
Toyota Corolla 2005 Red,"Oyo State, Ibadan","5,062,500",Local Used,462572 km,Automatic
Volkswagen Golf 1999 Black,"Lagos State, Ikotun/Igando","3,375,000",Local Used,305884 km,Automatic
Hyundai Accent 2012 Gold,"Abuja (FCT), Garki 2","6,187,500",Local Used,203750 km,Automatic
Toyota Fortuner 2.7 AWD 2014 White,"Rivers State, Port-Harcourt","15,412,500",Local Used,214791 km,Automatic
Toyota Camry 2008 Gray,"Abuja (FCT), Kubwa","7,650,000",Local Used,244948 km,Automatic
Mazda CX-9 2008 Black,"Lagos State, Ikorodu","6,187,500",Local Used,163443 km,Automatic
Acura MDX 2008 Green,"Enugu State, Enugu","5,625,000",Local Used,350015 km,Automatic
Ford Escape 2014 Black,"Lagos State, Lekki","8,100,000",Local Used,89621 km,Automatic
Mitsubishi Lancer 2008 Black,"Lagos State, Yaba","3,375,000",Local Used,177573 km,Automatic
Nissan Primera 2005 Silver,"Ogun State, Abeokuta North","1,687,500",Local Used,184658 km,Automatic
Toyota Camry 2013 Silver,"Abuja (FCT), Lugbe District","12,375,000",Local Used,227476 km,Automatic
Toyota Matrix 2006 Green,"Rivers State, Port-Harcourt","5,625,000",Local Used,139261 km,Automatic
Kia Forte 2010 Silver,"Abuja (FCT), Gudu","2,812,500",Local Used,265180 km,Automatic
Toyota Corolla 2005 Gray,"Lagos State, Ogudu","4,612,500",Local Used,197708 km,Automatic
Toyota Venza V6 2010 Silver,"Lagos State, Lekki","17,690,625",Foreign Used,217038 km,Automatic
Ford Edge 2011 Black,"Abuja (FCT), Jabi","6,300,000",Local Used,128359 km,Automatic
Toyota Sienna LE 2002 Silver,"Kaduna State, Kaduna / Kaduna State","3,150,000",Local Used,281861 km,Automatic
Toyota Camry 2009 Gray,"Lagos State, Ojodu","8,437,500",Local Used,284870 km,Automatic
Volkswagen Passat 2008 Black,"Abuja (FCT), Garki 2","5,062,500",Local Used,235252 km,Automatic
Toyota RAV4 2007 Black,"Lagos State, Lekki","9,000,000",Local Used,255085 km,Automatic
Toyota Corolla 2006 Blue,"Lagos State, Ajah","6,187,500",Local Used,313225 km,Automatic
Toyota Camry 2013 Red,"Lagos State, Ilupeju","15,750,000",Foreign Used,334192 km,Automatic
Mercedes-Benz GLK-Class 2012 Black,"Abuja (FCT), Gwarinpa","17,437,500",Local Used,262114 km,Automatic
Toyota Camry 2004 Blue,"Lagos State, Ajah","4,725,000",Local Used,559878 km,Automatic
Mercedes-Benz M Class 2006 White,"Ogun State, Abeokuta North","9,000,000",Local Used,340095 km,Automatic
Mercedes-Benz C180 1999 Silver,"Abuja (FCT), Asokoro","5,625,000",Foreign Used,308073 km,Automatic
Toyota Highlander 2008 Black,"Delta State, Oshimili South","14,625,000",Local Used,191664 km,Automatic
Toyota Highlander 2008 Black,"Lagos State, Lekki","10,125,000",Local Used,169994 km,Automatic
Land Rover Range Rover Velar 2018 Black,"Edo State, Benin City","65,250,000",Local Used,55359 km,Automatic
Hyundai Elantra 2010 Gray,"Lagos State, Ikoyi","4,500,000",Local Used,247238 km,Automatic
Toyota Camry 2012 Black,"Abuja (FCT), Gwarinpa","13,950,000",Local Used,371325 km,Automatic
Toyota Matrix 2005 Silver,"Abuja (FCT), Gwarinpa","5,625,000",Local Used,224510 km,Automatic
Seat Ibiza 1999 Green,"Ogun State, Abeokuta North","3,150,000",Local Used,12071 km,Manual
Mercedes-Benz M Class 2012 Black,"Lagos State, Surulere","25,818,750",Foreign Used,261154 km,Automatic
Toyota Corolla 2005 Silver,"Lagos State, Amuwo-Odofin","3,093,750",Local Used,280866 km,Manual
Hyundai Sonata 2006 Black,"Lagos State, Kosofe","2,587,500",Local Used,223064 km,Automatic
Toyota Highlander 2004 Silver,"Abia State, Aba North","7,312,500",Local Used,432587 km,Automatic
Mercedes-Benz C300 2008 Gray,"Abia State, Aba North","7,762,500",Local Used,Automatic,Automatic
Lexus RX 350 2014 Gray,"Lagos State, Surulere","27,000,000",Foreign Used,127508 km,Automatic
Toyota Camry 2005 Gray,"Lagos State, Alimosho","4,050,000",Local Used,265415 km,Automatic
Peugeot 206 2006 Black,"Kaduna State, Kaduna / Kaduna State","2,830,500",Local Used,99999 km,Automatic
Volkswagen Passat 3.6L V6 GT 2018 White,"Kaduna State, Kaduna / Kaduna State","39,375,000",Foreign Used,63629 km,Automatic
Toyota Venza 2010 Silver,"Lagos State, Ogudu","14,625,000",Local Used,133681 km,Automatic
Ford Edge 2008 Black,"Lagos State, Yaba","5,287,500",Local Used,133449 km,Automatic
Toyota Corolla 2015 Red,"Ogun State, Abeokuta North","9,000,000",Local Used,223287 km,Automatic
Lexus ES 2008 Burgandy,"Abuja (FCT), Kubwa","9,000,000",Local Used,71000 km,Automatic
Toyota Corolla 2004 Gray,"Abuja (FCT), Kubwa","4,725,000",Local Used,62160 km,Automatic
Toyota Camry 2007 Gold,"Rivers State, Port-Harcourt","6,750,000",Local Used,288420 km,Automatic
Honda Civic 2007 Blue,"Abuja (FCT), Kubwa","3,600,000",Local Used,98803 km,Automatic
Honda Odyssey 2003 Black,"Lagos State, Ikeja","2,812,500",Local Used,Automatic,Automatic
Toyota Camry 2014 Gray,"Lagos State, Ojodu","11,250,000",Local Used,87792 km,Automatic
Lexus RX 330 2005 Black,"Lagos State, Ikotun/Igando","7,920,000",Local Used,302642 km,Automatic
Lexus ES 2007 Burgandy,"Lagos State, Ogba","9,675,000",Local Used,113305 km,Automatic
Toyota Land Cruiser Prado 2009 Black,"Lagos State, Lekki","12,150,000",Local Used,144534 km,Automatic
Toyota Camry 2005 Gray,"Lagos State, Ojodu","3,543,750",Local Used,11938 km,Automatic
Toyota Highlander Limited 3.5l 4WD 2013 Gray,"Rivers State, Port-Harcourt","15,778,125",Local Used,109866 km,Automatic
Toyota Camry Hybrid 2009 Gold,"Lagos State, Ojodu","5,850,000",Local Used,118305 km,Automatic
Lexus GX 2014 Gray,"Lagos State, Amuwo-Odofin","40,162,500",Local Used,73561 km,Automatic
Volvo XC90 2003 Blue,"Ondo State, Akure","3,262,500",Local Used,403764 km,Automatic
Lexus RX 350 2014 Gray,"Lagos State, Lekki","18,450,000",Local Used,62301 km,Automatic
Toyota Camry 2008 Red,"Edo State, Benin City","6,525,000",Local Used,124695 km,Automatic
Toyota Corolla 2005 Silver,"Edo State, Benin City","5,850,000",Local Used,172040 km,Automatic
Lexus RX 300 2001 Blue,"Edo State, Benin City","5,062,500",Local Used,233144 km,Automatic
Toyota Camry 2012 Gray,"Lagos State, Amuwo-Odofin","16,200,000",Foreign Used,307913 km,Automatic
Honda Pilot 2004 Gray,"Abuja (FCT), Lugbe District","6,750,000",Local Used,337563 km,Automatic
Toyota Sienna 2006 Gray,"Lagos State, Ojodu","6,187,500",Local Used,144103 km,Automatic
Honda Accord 2003 Black,"Ogun State, Abeokuta North","3,375,000",Local Used,537978 km,Automatic
Honda Accord 2018 Black,"Lagos State, Lekki","20,250,000",Local Used,49739 km,Automatic
Toyota RAV4 2007 Silver,"Lagos State, Alimosho","7,875,000",Local Used,352181 km,Automatic
Toyota Camry 2011 Red,"Lagos State, Ilupeju","9,360,000",Local Used,115822 km,Automatic
Renault Kangoo 2001 Blue,"Lagos State, Ikotun/Igando","1,680,000",Local Used,100000 km,Manual
Toyota Sienna 2004 Gray,"Abuja (FCT), Lugbe District","4,987,500",Local Used,526077 km,Automatic
Toyota Sienna 2011 Red,"Lagos State, Ikeja","10,185,000",Local Used,145827 km,Automatic
Lexus ES 2002 Gray,"Oyo State, Ibadan","4,620,000",Local Used,123401 km,Automatic
Toyota Camry 2007 Blue,"Oyo State, Ibadan","4,998,000",Local Used,271077 km,Automatic
Toyota Camry 2007 Gray,"Lagos State, Abule Egba","6,069,000",Local Used,192874 km,Automatic
Toyota Camry 2007 Red,"Lagos State, Yaba","5,670,000",Local Used,365579 km,Automatic
Toyota Camry 2007 Gold,"Lagos State, Ogudu","6,720,000",Local Used,113156 km,Automatic
Toyota Highlander 2018 Gray,"Abuja (FCT), Gwarinpa","28,782,600",Local Used,31147 km,Automatic
Toyota Corolla 2003 Black,"Lagos State, Amuwo-Odofin","3,927,000",Local Used,221748 km,Automatic
Peugeot 407 2010 Black,"Abuja (FCT), Gwarinpa","4,935,000",Local Used,720735 km,Automatic
Ford Edge 2012 Black,"Abuja (FCT), Gwarinpa","5,985,000",Local Used,143526 km,Automatic
Peugeot RC 2011 White,"Abuja (FCT), Gwarinpa","15,750,000",Foreign Used,135789 km,Manual
Mercedes-Benz GLS-Class 2020 White,"Lagos State, Lekki","151,725,000",Foreign Used,27651 km,Automatic
Toyota Corolla 2017 Black,"Lagos State, Yaba","17,680,000",Local Used,21822 km,Automatic
Toyota RAV4 2012 Black,"Oyo State, Ibadan","16,640,000",Foreign Used,134231 km,Automatic
Nissan Micra 1999 Red,"Oyo State, Ibadan","2,730,000",Local Used,147786 km,Manual
Toyota Camry 2002 Silver,"Lagos State, Surulere","3,536,000",Local Used,403316 km,Automatic
Kia Cerato 2011 Black,"Kaduna State, Kaduna / Kaduna State","3,675,000",Local Used,99999 km,Manual
Toyota Corolla Sedan Automatic 2005 Black,"Kaduna State, Kaduna / Kaduna State","5,200,000",Local Used,276665 km,Automatic
Toyota Camry 2012 Gray,"Lagos State, Isolo","12,480,000",Local Used,164625 km,Automatic
Infiniti Q60 2015 Gray,"Lagos State, Surulere","23,625,000",Foreign Used,268154 km,Automatic
Ford Edge 2008 Gray,"Lagos State, Ikeja","3,906,000",Local Used,367833 km,Automatic
Mercedes-Benz C180 2005 Blue,"Edo State, Benin City","3,150,000",Local Used,293034 km,Manual
Toyota 4-Runner 2003 Gray,"Oyo State, Ibadan","5,250,000",Local Used,20285 km,Automatic
Nissan Almera 1998 Green,"Ogun State, Abeokuta North","1,785,000",Local Used,302329 km,Manual
Toyota Sienna 2004 Gold,"Lagos State, Ikorodu","5,250,000",Local Used,113287 km,Automatic
Lexus NX 2016 Silver,"Oyo State, Ibadan","28,125,000",Local Used,181108 km,Automatic
Mercedes-Benz E350 2014 Brown,"Lagos State, Ajah","15,600,000",Local Used,121440 km,Automatic
Mitsubishi Pajero 2016 Black,"Lagos State, Lekki","16,168,950",Local Used,83800 km,Automatic
Hyundai Elantra 2017 Gray,"Abuja (FCT), Karu","17,680,000",Foreign Used,208840 km,Automatic
Toyota Highlander 2018 Silver,"Lagos State, Ilupeju","39,520,000",Foreign Used,77539 km,Automatic
Honda Pilot 2011 Silver,"Ogun State, Abeokuta North","13,125,000",Foreign Used,256139 km,Automatic
Toyota Corolla 2003 Black,"Ogun State, Abeokuta North","3,675,000",Local Used,299999 km,Automatic
Mercedes-Benz E350 2010 Black,"Abuja (FCT), Asokoro","11,440,000",Local Used,230580 km,Automatic
Honda Accord 2005 Gold,"Abuja (FCT), Gudu","2,625,000",Local Used,232645 km,Automatic
Toyota Camry 2005 Green,"Lagos State, Alimosho","3,885,000",Local Used,116224 km,Automatic
Kia Rio 2008 White,"Lagos State, Alimosho","3,444,000",Local Used,169196 km,Automatic
Lexus RX 330 2005 Blue,"Edo State, Benin City","8,190,000",Local Used,196667 km,Automatic
Lexus GS 300 Automatic 2006 Blue,"Imo State, Owerri","5,935,125",Local Used,311288 km,Automatic
Mercedes-Benz C230 2007 Silver,"Abuja (FCT), Jabi","3,990,000",Local Used,298387 km,Automatic
Mitsubishi Pajero 2008 Black,"Lagos State, Ojodu","15,750,000",Local Used,136433 km,Automatic
Toyota Camry 2020 Black,"Abuja (FCT), Central Business District","31,500,000",Foreign Used,64125 km,Automatic
Toyota Camry 2011 Red,"Ondo State, Akure","7,800,000",Local Used,342483 km,Automatic
Dodge RAM 2011 Silver,"Lagos State, Ilupeju","13,335,000",Local Used,216221 km,Automatic
Toyota Camry 2007 Blue,"Lagos State, Alimosho","7,696,000",Local Used,452885 km,Automatic
Toyota RAV4 2002 Gold,"Lagos State, Abule Egba","3,087,000",Local Used,255082 km,Automatic
Hyundai Sonata 2013 Black,"Lagos State, Ikotun/Igando","11,156,250",Foreign Used,223199 km,Automatic
Lexus RX 330 2006 Gray,"Ondo State, Akure","9,360,000",Local Used,318396 km,Automatic
Toyota Camry 2010 Red,"Lagos State, Ilupeju","9,360,000",Local Used,167311 km,Automatic
Mercedes-Benz GLE-Class 2020 White,"Lagos State, Lekki","99,750,000",Foreign Used,62208 km,Automatic
Toyota Hilux 2013 White,"Rivers State, Port-Harcourt","15,225,000",Local Used,93632 km,Manual
Infiniti G35 2006 Gray,"Abuja (FCT), Lugbe District","4,200,000",Local Used,258440 km,Automatic
Toyota Highlander 2005 Silver,"Lagos State, Yaba","4,725,000",Local Used,221075 km,Automatic
Ford Escape 2013 Gray,"Lagos State, Ojodu","7,800,000",Local Used,236879 km,Automatic
Toyota Corolla 2003 Black,"Enugu State, Enugu","3,906,000",Local Used,146018 km,Automatic
Toyota Corolla 2005 Red,"Lagos State, Kosofe","5,720,000",Local Used,280163 km,Automatic
Nissan Pathfinder 2001 Silver,"Abia State, Umuahia","2,625,000",Local Used,138002 km,Automatic
Honda Accord 2009 Gray,"Lagos State, Ikeja","4,786,875",Local Used,334670 km,Automatic
Toyota Highlander 2002 Silver,"Lagos State, Kosofe","4,326,000",Local Used,413265 km,Automatic
Hyundai Accent 2008 White,"Abuja (FCT), Karu","3,675,000",Local Used,231524 km,Manual
Honda Pilot 2013 White,"Abuja (FCT), Garki 2","9,951,375",Local Used,103733 km,Automatic
BMW 3 Series 2006 Gray,"Abuja (FCT), Kubwa","4,725,000",Local Used,227040 km,Automatic
Opel Zafira 2005 Blue,"Ondo State, Akure","2,730,000",Local Used,154810 km,Automatic
Toyota Avalon 2005 Black,"Lagos State, Isolo","4,641,000",Local Used,149398 km,Automatic
Toyota Venza 2013 White,"Lagos State, Amuwo-Odofin","16,059,748",Foreign Used,185524 km,Automatic
Lexus LS 2007 Green,"Lagos State, Ikeja","5,775,000",Local Used,112376 km,Automatic
Mazda CX-9 2012 Gray,"Ogun State, Abeokuta North","6,300,000",Local Used,251972 km,Automatic
Mercedes-Benz A-Class 2007 Silver,"Ogun State, Abeokuta North","3,675,000",Local Used,Manual,Manual
Lexus RX 300 2002 Black,"Ogun State, Abeokuta North","3,675,000",Local Used,349349 km,Automatic
Toyota Corolla 2005 Gray,"Abuja (FCT), Gwagwalada","5,200,000",Local Used,473543 km,Automatic
Mercedes-Benz GLE-Class 2018 Black,"Lagos State, Lekki","52,000,000",Foreign Used,59640 km,Automatic
Toyota Camry 2.3 Hybrid 2007 Red,"Lagos State, Ilupeju","7,280,000",Local Used,256097 km,Automatic
Toyota Camry 2012 Black,"Lagos State, Ilupeju","14,560,000",Foreign Used,105239 km,Automatic
Toyota Corolla 2005 Gold,"Lagos State, Ajah","4,725,000",Local Used,289430 km,Automatic
Audi Q7 2007 Black,"Oyo State, Ibadan","14,700,000",Local Used,257627 km,Automatic
Mercedes-Benz M Class 2009 Gray,"Abuja (FCT), Jabi","7,350,000",Local Used,331805 km,Automatic
Honda Accord 2007 Gray,"Lagos State, Ikeja","2,535,750",Local Used,167112 km,Automatic
Toyota Carina 1993 Black,"Oyo State, Ibadan","2,520,000",Local Used,265201 km,Manual
Hyundai Santa Fe 2017 Gray,"Lagos State, Ikotun/Igando","15,750,000",Local Used,107508 km,Automatic
Toyota Corolla 2004 Silver,"Oyo State, Ibadan","5,928,000",Local Used,133865 km,Automatic
Honda CR-V 2009 Black,"Abuja (FCT), Karu","5,040,000",Local Used,213521 km,Automatic
Toyota Camry 2007 Gray,"Abuja (FCT), Gwarinpa","7,280,000",Local Used,166355 km,Automatic
Toyota Corolla 2003 Blue,"Lagos State, Magodo","4,011,000",Local Used,392585 km,Automatic
Toyota Highlander 2018 Black,"Lagos State, Ogudu","24,150,000",Local Used,66959 km,Automatic
Toyota Tacoma 2008 Silver,"Lagos State, Ikeja","12,792,000",Local Used,467090 km,Automatic
Toyota Highlander 2008 Black,"Abuja (FCT), Karu","12,480,000",Local Used,102352 km,Automatic
Lexus RX 300 2000 Gold,"Abia State, Aba North","3,360,000",Local Used,320781 km,Automatic
Mercedes-Benz C350 2008 White,"Rivers State, Port-Harcourt","6,930,000",Local Used,Automatic,Automatic
Honda Accord 2012 Black,"Abuja (FCT), Gudu","5,145,000",Local Used,269644 km,Automatic
Lexus RX 350 2010 White,"Lagos State, Isolo","22,880,000",Foreign Used,100348 km,Automatic
Volkswagen Passat GLS Sedan 1998 Silver,"Lagos State, Ilupeju","2,100,000",Local Used,273313 km,Automatic
Toyota Corolla 2010 Gray,"Abuja (FCT), Lugbe District","7,488,000",Local Used,372237 km,Automatic
Toyota Yaris 2008 Black,"Lagos State, Abule Egba","3,375,000",Local Used,133512 km,Automatic
Hummer H3 2007 Blue,"Lagos State, Ikorodu","7,875,000",Local Used,93214 km,Automatic
Toyota Highlander 2004 Silver,"Lagos State, Alimosho","6,032,000",Local Used,318687 km,Automatic
Toyota Camry 2000 Black,"Lagos State, Isolo","2,079,000",Local Used,174979 km,Automatic
Skoda Rapid 2014 Gray,"Oyo State, Ibadan","3,675,000",Local Used,98453 km,Automatic
Honda Civic 2006 Gray,"Abuja (FCT), Karu","3,659,250",Local Used,371309 km,Automatic
Toyota RAV4 2007 Gray,"Lagos State, Ilupeju","7,350,000",Local Used,144902 km,Automatic
Toyota Corolla 2010 Black,"Lagos State, Ikorodu","5,460,000",Local Used,236448 km,Automatic
Toyota Corolla 2005 Red,"Lagos State, Ikeja","4,641,000",Local Used,465155 km,Automatic
Toyota Corolla CE 2007 Gray,"Lagos State, Amuwo-Odofin","7,875,000",Local Used,329903 km,Automatic
Kia Rio 2014 Silver,"Lagos State, Yaba","4,725,000",Local Used,81911 km,Automatic
Chevrolet Cruze 2012 Teal,"Lagos State, Amuwo-Odofin","8,400,000",Foreign Used,290839 km,Manual
Lexus IS 2014 White,"Abuja (FCT), Jabi","21,630,000",Foreign Used,205335 km,Automatic
Honda Pilot 2005 Black,"Edo State, Benin City","3,375,000",Local Used,126585 km,Automatic
Honda Accord 2003 Gold,"Oyo State, Ibadan","2,373,000",Local Used,259525 km,Automatic
Honda Accord 2003 Blue,"Oyo State, Ibadan","5,200,000",Local Used,411172 km,Automatic
Toyota Camry 1998 Gold,"Abuja (FCT), Karu","2,912,000",Local Used,235421 km,Automatic
Toyota Land Cruiser Prado 2021 Black,"Lagos State, Lekki","78,000,000",Local Used,4365 km,Automatic
Mercedes-Benz E350 2010 Gray,"Abuja (FCT), Garki 2","13,520,000",Local Used,268214 km,Automatic
Toyota Camry 2001 Gold,"Rivers State, Port-Harcourt","3,640,000",Local Used,141989 km,Automatic
Infiniti FX35 2008 Blue,"Lagos State, Alimosho","4,200,000",Local Used,456679 km,Automatic
Lexus RX 350 2015 Brown,"Lagos State, Alimosho","24,990,000",Foreign Used,309702 km,Automatic
Honda City 2012 Gray,"Rivers State, Port-Harcourt","2,625,000",Local Used,281437 km,Automatic
Toyota Corolla 2010 Silver,"Lagos State, Ogba","10,500,000",Foreign Used,244609 km,Automatic
Toyota Corolla 2005 Red,"Lagos State, Surulere","3,822,000",Local Used,407510 km,Automatic
Mercedes-Benz GLA-Class 2015 Black,"Rivers State, Port-Harcourt","19,125,000",Local Used,222766 km,Automatic
Ford Edge 2013 Silver,"Lagos State, Abule Egba","6,100,237",Local Used,161962 km,Automatic
Toyota Fortuner 2013 Black,"Abuja (FCT), Wuse","14,700,000",Local Used,85233 km,Automatic
Nissan Almera 2013 Silver,"Lagos State, Surulere","6,300,000",Local Used,110418 km,Automatic
Honda Accord Crosstour 2012 Black,"Abuja (FCT), Jabi","8,840,000",Local Used,123069 km,Automatic
Toyota Camry 2018 Gray,"Abuja (FCT), Jabi","26,000,000",Local Used,108353 km,Automatic
Toyota RAV4 2002 Silver,"Lagos State, Abule Egba","4,680,000",Local Used,101575 km,Automatic
Lexus ES 2008 Gold,"Lagos State, Abule Egba","9,880,000",Local Used,95055 km,Automatic
Mazda 323 1998 Red,"Oyo State, Ibadan","4,935,000",Foreign Used,144787 km,Automatic
Dodge RAM 2013 Blue,"Oyo State, Ibadan","19,950,000",Foreign Used,303611 km,Automatic
Hyundai Sonata 2015 Gray,"Oyo State, Ibadan","15,750,000",Foreign Used,156942 km,Automatic
Toyota Carina 1992 Gray,"Abuja (FCT), Karu","2,625,000",Local Used,345213 km,Automatic
Nissan Pathfinder 2002 Black,"Lagos State, Yaba","2,520,000",Local Used,382215 km,Automatic
Toyota Camry 2002 Green,"Lagos State, Ikorodu","3,224,000",Local Used,181535 km,Automatic
Toyota 4-Runner 2003 Gray,"Abuja (FCT), Garki 2","8,840,000",Local Used,196692 km,Automatic
Toyota RAV4 2008 Black,"Lagos State, Ojodu","4,620,000",Local Used,198384 km,Automatic
Lexus RX 350 2009 Black,"Lagos State, Surulere","12,495,000",Foreign Used,364270 km,Automatic
Acura MDX 2008 Gray,"Abuja (FCT), Kubwa","5,586,000",Local Used,106889 km,Automatic
Toyota Camry 1999 Gold,"Abuja (FCT), Garki 2","2,058,000",Local Used,197214 km,Automatic
Toyota Camry 2009 Silver,"Abuja (FCT), Gudu","7,280,000",Local Used,203316 km,Automatic
Toyota Sienna 2008 Gray,"Abuja (FCT), Gudu","6,760,000",Local Used,167005 km,Automatic
Toyota Highlander 2001 Black,"Rivers State, Port-Harcourt","4,095,000",Local Used,258670 km,Automatic
BMW 528i 2013 White,"Abuja (FCT), Garki 2","16,800,000",Foreign Used,271920 km,Automatic
Lexus ES 2009 Black,"Abuja (FCT), Jabi","11,960,000",Local Used,259454 km,Automatic
Toyota Avalon 2008 Silver,"Abuja (FCT), Jabi","5,250,000",Local Used,239078 km,Automatic
Nissan Rogue Sport 2017 Gray,"Lagos State, Ikeja","14,700,000",Local Used,185989 km,Automatic
Volkswagen Sharan 2001 Red,"Lagos State, Yaba","7,350,000",Foreign Used,224245 km,Manual
Toyota Highlander 3.5L 2WD 2013 Black,"Rivers State, Port-Harcourt","18,200,000",Local Used,53490 km,Automatic
Toyota Camry 2007 Red,"Lagos State, Lekki","4,882,500",Local Used,83772 km,Automatic
Honda Pilot 2010 Black,"Abuja (FCT), Wuse","6,006,000",Local Used,151098 km,Automatic
Mercedes-Benz C300 2015 Black,"Abuja (FCT), Kubwa","18,375,000",Local Used,100690 km,Automatic
Honda Accord 2014 Black,"Lagos State, Lekki","9,975,000",Local Used,86998 km,Automatic
Honda CR-V 2.0i ES Automatic 2002 Black,"Lagos State, Ikorodu","2,268,000",Local Used,234153 km,Automatic
Toyota Corolla 2008 Blue,"Lagos State, Amuwo-Odofin","8,320,000",Local Used,162746 km,Automatic
Honda Accord 2022 Silver,"Lagos State, Kosofe","41,600,000",Foreign Used,19347 km,Automatic
Mercedes-Benz C300 2010 Black,"Ondo State, Akure","6,825,000",Local Used,133856 km,Automatic
Lexus RX 400h 2007 Silver,"Lagos State, Yaba","8,925,000",Foreign Used,321433 km,Automatic
Peugeot 406 2000 Silver,"Abuja (FCT), Central Business District","3,150,000",Local Used,999999 km,Automatic
Honda Accord 2008 Blue,"Abuja (FCT), Kubwa","4,074,000",Local Used,143431 km,Automatic
Toyota Camry 2004 Green,"Delta State, Oshimili South","4,680,000",Local Used,388145 km,Automatic
Lexus RX 350 2010 Black,"Lagos State, Ikeja","24,960,000",Foreign Used,181914 km,Automatic
Honda Accord 1999 Silver,"Lagos State, Magodo","1,785,000",Local Used,238689 km,Automatic
Mercedes-Benz C300 2014 Black,"Abuja (FCT), Gwarinpa","13,520,000",Local Used,158952 km,Automatic
Ford Edge 2007 Gray,"Lagos State, Ikeja","4,074,000",Local Used,389067 km,Automatic
Lexus IS 2019 Gray,"Rivers State, Port-Harcourt","22,050,000",Local Used,81926 km,Automatic
Lexus GX 2012 Black,"Lagos State, Amuwo-Odofin","34,320,000",Local Used,122063 km,Automatic
Toyota Corolla 2012 Black,"Akwa Ibom State, Uyo","6,195,000",Local Used,174481 km,Automatic
Skoda Octavia 2013 Blue,"Oyo State, Ibadan","2,625,000",Local Used,116198 km,Automatic
Toyota Camry 2004 Silver,"Oyo State, Ibadan","4,160,000",Local Used,158244 km,Automatic
Toyota Matrix 2005 Gray,"Lagos State, Surulere","4,328,625",Local Used,284446 km,Automatic
Toyota Camry 2008 Gold,"Lagos State, Amuwo-Odofin","5,460,000",Local Used,253343 km,Automatic
Toyota Camry 2003 Gray,"Lagos State, Kosofe","3,150,000",Local Used,397212 km,Automatic
Lexus ES 350 2011 Gray,"Ondo State, Akure","9,450,000",Foreign Used,178067 km,Automatic
Acura TSX 2009 Brown,"Lagos State, Alimosho","5,355,000",Local Used,136399 km,Automatic
Toyota Venza 2010 Black,"Lagos State, Ikotun/Igando","20,280,000",Foreign Used,162507 km,Automatic
Land Rover Lr4 2010 Black,"Lagos State, Surulere","8,085,000",Local Used,157670 km,Automatic
Nissan Murano 2003 White,"Lagos State, Lekki","2,625,000",Local Used,370487 km,CVT
Toyota Camry 2004 Silver,"Abuja (FCT), Gudu","4,368,000",Local Used,224443 km,Automatic
Ford Edge 2012 Black,"Lagos State, Lekki","9,360,000",Local Used,181421 km,Automatic
Toyota Corolla 2007 Blue,"Abuja (FCT), Gudu","4,200,000",Local Used,159252 km,Automatic
Toyota Camry 2007 Red,"Lagos State, Lekki","4,410,000",Local Used,103820 km,Automatic
Lexus RX 300 2000 Black,"Lagos State, Ojodu","3,360,000",Local Used,340803 km,Automatic
Acura TL 2009 Black,"Lagos State, Yaba","11,550,000",Local Used,344430 km,Automatic
Honda Accord 2006 Black,"Lagos State, Ojodu","3,432,000",Local Used,207728 km,Automatic
Toyota Highlander 2011 Blue,"Delta State, Oshimili South","16,120,000",Local Used,240935 km,Automatic
Lexus RX 330 2006 Black,"Lagos State, Amuwo-Odofin","12,168,000",Local Used,317123 km,Automatic
Toyota Avalon Limited 2005 Gray,"Abuja (FCT), Lugbe District","4,618,687",Local Used,225606 km,Automatic
Nissan Murano SE AWD 2005 Red,"Abuja (FCT), Lugbe District","3,465,000",Local Used,250562 km,Automatic
Mercedes-Benz C300 2008 White,"Abia State, Aba North","7,140,000",Local Used,332046 km,Automatic
Toyota Highlander 2012 Black,"Lagos State, Kosofe","19,760,000",Foreign Used,144673 km,Automatic
Toyota Corolla 2008 Beige,"Lagos State, Lekki","5,775,000",Local Used,107280 km,Automatic
Lexus ES 2005 Silver,"Ogun State, Abeokuta North","7,280,000",Local Used,408236 km,Automatic
Hyundai Sonata 2013 Silver,"Abuja (FCT), Gudu","12,500,000",Foreign Used,194088 km,Automatic
Mercedes-Benz C300 2015 Black,"Lagos State, Lekki","26,000,000",Local Used,142615 km,Automatic
Toyota Camry 2012 Silver,"Lagos State, Lekki","15,600,000",Foreign Used,213601 km,Automatic
Lexus RX 350 2012 Black,"Lagos State, Abule Egba","22,880,000",Local Used,225385 km,Automatic
Toyota Sienna 2008 Black,"Lagos State, Abule Egba","5,250,000",Local Used,226519 km,Automatic
Ford Edge 2017 Brown,"Lagos State, Surulere","18,375,000",Local Used,74040 km,Automatic
Toyota Matrix 2005 Silver,"Rivers State, Port-Harcourt","3,990,000",Local Used,155682 km,Automatic
Toyota RAV4 2020 Gray,"Lagos State, Alimosho","42,000,000",Foreign Used,380576 km,Automatic
Toyota Avalon 2002 Silver,"Edo State, Benin City","4,725,000",Local Used,279717 km,Automatic
Toyota HiAce 2004 White,"Lagos State, Lekki","5,062,500",Local Used,85680 km,Manual
Toyota Corolla 2004 Gray,"Lagos State, Amuwo-Odofin","5,408,000",Local Used,413342 km,Automatic
Peugeot 207 2008 Silver,"Abuja (FCT), Jabi","6,825,000",Foreign Used,179007 km,Manual
Toyota Camry 2004 Gold,"Abuja (FCT), Garki 2","3,441,198",Local Used,262301 km,Automatic
Toyota Sienna 2007 Gold,"Abuja (FCT), Karu","8,112,000",Local Used,98141 km,Automatic
Honda Accord 2003 Gold,"Lagos State, Alimosho","2,625,000",Local Used,349159 km,Automatic
Toyota Camry 1999 Gold,"Abuja (FCT), Garki 2","2,205,000",Local Used,241323 km,Automatic
Nissan Altima 2011 Blue,"Rivers State, Port-Harcourt","8,400,000",Local Used,141377 km,CVT
Mercedes-Benz M Class 2013 White,"Lagos State, Lekki","19,950,000",Local Used,193833 km,Automatic
Lexus LS 2007 Black,"Enugu State, Enugu","8,715,000",Local Used,117659 km,Automatic
Toyota Sienna XLE FWD (3.3L V6 5A) 2004 Gray,"Lagos State, Ikorodu","3,712,500",Foreign Used,232993 km,Automatic
Toyota Highlander 2017 Gray,"Lagos State, Magodo","25,725,000",Local Used,92987 km,Automatic
Toyota Camry 2003 Blue,"Lagos State, Ikotun/Igando","3,885,000",Local Used,222825 km,Automatic
Toyota Camry 2003 Black,"Rivers State, Port-Harcourt","4,160,000",Local Used,232351 km,Automatic
Toyota Land Cruiser 4.6 V8 GX 2018 Black,"Lagos State, Ajah","62,454,000",Local Used,176858 km,Automatic
Toyota Land Cruiser 2008 Black,"Abuja (FCT), Central Business District","26,250,000",Local Used,91495 km,Automatic
Lexus RX 350 2013 Silver,"Lagos State, Alimosho","29,120,000",Foreign Used,143854 km,Automatic
Chevrolet Camaro 2013 Black,"Lagos State, Lekki","46,800,000",Local Used,126843 km,Automatic
Volkswagen Golf 2008 Silver,"Lagos State, Ikeja","6,825,000",Local Used,171990 km,Automatic
Nissan Rogue 2001 Black,"Lagos State, Ikeja","5,250,000",Local Used,199872 km,Automatic
Honda Accord 2009 Gray,"Lagos State, Surulere","4,200,000",Local Used,135665 km,Automatic
Toyota Sienna 2004 Ivory,"Delta State, Oshimili South","4,515,000",Local Used,319225 km,Automatic
Toyota Camry 2007 Gold,"Rivers State, Port-Harcourt","6,760,000",Local Used,242569 km,Automatic
Hyundai Ix35 2011 Blue,"Lagos State, Ogudu","8,400,000",Local Used,114787 km,Automatic
Toyota Matrix 2004 Silver,"Lagos State, Amuwo-Odofin","3,780,000",Local Used,235114 km,Automatic
Toyota Highlander 2020 Silver,"Lagos State, Magodo","65,520,000",Foreign Used,92036 km,Automatic
Ford Edge SE 4dr FWD (3.5L 6cyl 6A) 2007 Gray,"Akwa Ibom State, Uyo","3,570,000",Local Used,87834 km,Automatic
Honda Accord 2003 Black,"Lagos State, Lekki","2,268,000",Local Used,Automatic,Automatic
Toyota Highlander 2012 Gold,"Abuja (FCT), Lugbe District","28,600,000",Foreign Used,154324 km,Automatic
Toyota Highlander 2018 Gray,"Abuja (FCT), Lugbe District","49,920,000",Local Used,176496 km,Automatic
Nissan Pathfinder 2006 Gold,"Lagos State, Alimosho","4,200,000",Local Used,245326 km,Automatic
Toyota Corolla 1.4 VVT-i 2007 Black,"Akwa Ibom State, Uyo","3,150,000",Local Used,224302 km,Automatic
Honda Accord Crosstour 2010 Red,"Lagos State, Isolo","5,796,000",Local Used,103179 km,Automatic
Toyota Fortuner 2015 Black,"Oyo State, Ibadan","31,500,000",Local Used,82363 km,Automatic
Toyota RAV4 2002 Blue,"Abuja (FCT), Lugbe District","3,528,000",Local Used,260148 km,Automatic
Land Rover Range Rover Supercharged 2006 White,"Rivers State, Port-Harcourt","16,800,000",Local Used,CVT,CVT
Toyota 4-Runner 2005 Blue,"Lagos State, Amuwo-Odofin","8,528,000",Local Used,254431 km,Automatic
Toyota Camry 2002 Gold,"Lagos State, Alimosho","3,640,000",Local Used,293519 km,Automatic
Mercedes-Benz C230 2009 Gray,"Oyo State, Ibadan","5,250,000",Local Used,127527 km,Automatic
Lexus RX 350 2010 Gray,"Lagos State, Isolo","19,425,000",Foreign Used,245135 km,Automatic
Toyota Camry 2003 Blue,"Imo State, Owerri","4,576,000",Local Used,360582 km,Automatic
Toyota Camry 2008 Blue,"Lagos State, Amuwo-Odofin","10,920,000",Foreign Used,253294 km,Automatic
Land Rover Range Rover Vogue 2014 White,"Lagos State, Ojodu","10,290,000",Local Used,67229 km,Automatic
Ford Mustang 2018 Gray,"Lagos State, Amuwo-Odofin","47,250,000",Foreign Used,38619 km,Automatic
Lexus RX 350 FWD 2013 Black,"Lagos State, Isolo","27,040,000",Foreign Used,282070 km,Automatic
Toyota Highlander 2010 Black,"Abuja (FCT), Asokoro","13,520,000",Local Used,281777 km,Automatic
Honda Pilot 2003 Gold,"Rivers State, Port-Harcourt","2,730,000",Local Used,115694 km,Automatic
Toyota Sienna 2005 Red,"Lagos State, Ikeja","4,515,000",Local Used,350772 km,Automatic
Toyota Camry 2003 Black,"Lagos State, Ikorodu","3,990,000",Local Used,477983 km,Automatic
Toyota Corolla 2017 Black,"Rivers State, Port-Harcourt","17,325,000",Foreign Used,75639 km,CVT
Lexus RX 350 2017 Gray,"Lagos State, Lekki","44,720,000",Local Used,44029 km,Automatic
Honda Accord 2006 Silver,"Rivers State, Port-Harcourt","2,625,000",Local Used,106916 km,Manual
Toyota RAV4 2007 Black,"Lagos State, Lekki","7,800,000",Local Used,129662 km,Automatic
Lexus ES 2002 Beige,"Oyo State, Ibadan","4,725,000",Local Used,160888 km,Automatic
Toyota Corolla 2006 Blue,"Oyo State, Ibadan","5,250,000",Local Used,482800 km,Automatic
Toyota Corolla 2008 Black,"Delta State, Oshimili South","4,200,000",Local Used,142191 km,Manual
Nissan Maxima 2005 Black,"Lagos State, Ikotun/Igando","4,200,000",Local Used,110525 km,Automatic
Jeep Wrangler 2014 Black,"Oyo State, Ibadan","42,000,000",Local Used,91384 km,Automatic
Nissan Primera 1998 Silver,"Oyo State, Ibadan","1,575,000",Local Used,577304 km,Manual
Toyota RAV4 Base FWD 2001 Blue,"Lagos State, Ikorodu","4,095,000",Local Used,200747 km,Automatic
Toyota Camry 2007 Blue,"Lagos State, Alimosho","10,920,000",Foreign Used,304236 km,Automatic
Mercedes-Benz CLA-Class CLA 250 Sedan 2014 White,"Lagos State, Lekki","13,020,000",Local Used,241903 km,Automatic
Kia Sportage 2013 Black,"Lagos State, Ikoyi","7,350,000",Local Used,128296 km,Automatic
Toyota Corolla 2005 Black,"Abuja (FCT), Karu","3,675,000",Local Used,299999 km,Automatic
Peugeot 508 2018 Black,"Abuja (FCT), Kubwa","15,750,000",Local Used,88855 km,Automatic
Lexus RX 300 4WD 2000 Brown,"Akwa Ibom State, Uyo","4,680,000",Local Used,129622 km,Automatic
Mercedes-Benz CLK 2003 Black,"Edo State, Benin City","3,675,000",Local Used,125190 km,Automatic
Mercedes-Benz GLA-Class 2017 Black,"Lagos State, Lekki","58,800,000",Local Used,34800 km,Automatic
Hyundai Elantra 2013 White,"Kaduna State, Kaduna / Kaduna State","9,450,000",Foreign Used,83166 km,Automatic
Toyota Land Cruiser Prado 2013 Black,"Lagos State, Ikoyi","28,350,000",Local Used,248027 km,Automatic
Lexus RX 2006 Black,"Lagos State, Ikeja","9,360,000",Local Used,Automatic,Automatic
Lexus RX 300 2003 Gray,"Lagos State, Ikotun/Igando","5,720,000",Local Used,98868 km,Automatic
GMC Terrain 2013 Black,"Lagos State, Ikeja","12,600,000",Local Used,364193 km,Automatic
Toyota Venza V6 2010 White,"Abuja (FCT), Lugbe District","12,048,750",Local Used,236601 km,Automatic
BMW 5 Series 2009 Silver,"Oyo State, Ibadan","3,675,000",Foreign Used,173893 km,Automatic
Acura MDX 2008 White,"Abia State, Umuahia","4,200,000",Local Used,180342 km,Automatic
Honda Accord 2008 Silver,"Lagos State, Amuwo-Odofin","6,864,000",Local Used,223888 km,Automatic
Lexus RX 350 2008 Gold,"Lagos State, Surulere","7,560,000",Local Used,215350 km,Automatic
Toyota Corolla 2009 White,"Lagos State, Ogudu","6,300,000",Local Used,266965 km,Automatic
Mercedes-Benz S-Class 2015 Black,"Lagos State, Ajah","40,950,000",Local Used,123334 km,Automatic
Toyota Corolla 2013 Black,"Lagos State, Yaba","5,775,000",Local Used,311911 km,Automatic
Lexus RX 300 2000 Black,"Lagos State, Ojodu","3,675,000",Local Used,548424 km,Automatic
Toyota Camry 2008 Gold,"Abuja (FCT), Kubwa","8,320,000",Local Used,196164 km,Automatic
Toyota Corolla 2009 Blue,"Abuja (FCT), Kubwa","11,960,000",Foreign Used,48751 km,Automatic
Toyota Highlander 2022 White,"Abuja (FCT), Kubwa","101,920,000",Foreign Used,15523 km,Automatic
Toyota RAV4 2018 Red,"Abuja (FCT), Kubwa","36,400,000",Foreign Used,119765 km,Automatic
Toyota RAV4 2015 Black,"Abuja (FCT), Kubwa","23,920,000",Foreign Used,47768 km,Automatic
Honda Accord 5P 2001 Silver,"Rivers State, Port-Harcourt","2,288,000",Local Used,Automatic,Automatic
Hyundai Elantra 2008 White,"Abuja (FCT), Jabi","7,280,000",Local Used,154894 km,Automatic
Hyundai Elantra 2008 White,"Lagos State, Surulere","3,885,000",Local Used,240470 km,Automatic
Toyota Corolla 2014 Blue,"Abuja (FCT), Gudu","26,000,000",Foreign Used,65520 km,Automatic
Honda Accord 2009 Black,"Lagos State, Kosofe","9,360,000",Foreign Used,127467 km,Automatic
Lexus GX 2004 Gold,"Lagos State, Surulere","9,880,000",Local Used,341341 km,Automatic
Toyota Camry 2010 Gray,"Abuja (FCT), Gudu","8,320,000",Local Used,75057 km,Automatic
Infiniti QX4 2002 Black,"Abuja (FCT), Gwagwalada","3,675,000",Local Used,209090 km,Automatic
Mercedes-Benz C300 2015 Silver,"Lagos State, Lekki","24,440,000",Local Used,176858 km,Automatic
Honda Crosstour 3.5 AWD 2011 Black,"Lagos State, Ojodu","6,825,000",Local Used,162683 km,Automatic
Toyota Corolla 2006 Gold,"Lagos State, Alimosho","4,725,000",Local Used,301370 km,Automatic
Honda Accord 2003 Black,"Lagos State, Surulere","3,952,000",Local Used,483437 km,Automatic
BMW 325i 2014 Black,"Lagos State, Lekki","13,650,000",Local Used,175158 km,Automatic
Toyota Venza 2011 Black,"Lagos State, Lekki","15,540,000",Foreign Used,102501 km,Automatic
Toyota Sienna 2013 Gray,"Lagos State, Lekki","9,135,000",Local Used,80026 km,Automatic
Mercedes-Benz GL-Class 2013 Black,"Lagos State, Ajah","19,320,000",Local Used,145630 km,Automatic
Mercedes-Benz GLC-Class 2018 Silver,"Lagos State, Amuwo-Odofin","44,415,000",Foreign Used,78865 km,Automatic
Mercedes-Benz C300 2008 Gray,"Ogun State, Abeokuta North","7,350,000",Local Used,281743 km,Automatic
Toyota Corolla LE 2007 Gray,"Rivers State, Port-Harcourt","4,620,000",Local Used,19039 km,Automatic
Honda Accord 2003 Silver,"Abuja (FCT), Kubwa","3,640,000",Local Used,14588 km,Automatic
Honda Accord 2010 Black,"Abuja (FCT), Garki 2","4,908,750",Local Used,Automatic,Automatic
Lexus RX 350 2017 Black,"Delta State, Oshimili South","34,650,000",Local Used,107908 km,Automatic
Lexus RX 300 1999 Silver,"Enugu State, Enugu","4,888,000",Local Used,294968 km,Automatic
GAC GS8 2019 White,"Delta State, Oshimili South","84,000,000",Foreign Used,24447 km,Automatic
Lexus RX 2001 Blue,"Lagos State, Amuwo-Odofin","6,240,000",Local Used,445651 km,Automatic
Honda Accord 2008 Blue,"Abuja (FCT), Garki 2","6,760,000",Local Used,Automatic,Automatic
Mazda 3 2010 Black,"Abuja (FCT), Gwagwalada","3,675,000",Local Used,272139 km,Automatic
Mercedes-Benz M Class 2010 Silver,"Delta State, Oshimili South","9,975,000",Local Used,320981 km,Automatic
Toyota Yaris 2008 Black,"Edo State, Benin City","2,940,000",Local Used,Automatic,Automatic
Toyota Camry 2010 Silver,"Lagos State, Alimosho","8,840,000",Local Used,280747 km,Automatic
Lexus ES 350 2007 Blue,"Abuja (FCT), Karu","7,586,250",Local Used,233285 km,Automatic
Lincoln MKZ 2017 Red,"Abuja (FCT), Wuse","26,250,000",Local Used,176588 km,Automatic
Hyundai Elantra 2009 Black,"Lagos State, Yaba","4,200,000",Local Used,179097 km,Automatic
Mercedes-Benz C300 2008 Red,"Lagos State, Yaba","7,770,000",Local Used,247194 km,Automatic
Toyota Corolla 2009 White,"Abuja (FCT), Wuse","7,350,000",Local Used,121340 km,Automatic
Toyota Sienna 2011 Gray,"Lagos State, Ilupeju","21,840,000",Local Used,50656 km,Automatic
Hyundai Elantra 2018 Red,"Abuja (FCT), Gwarinpa","18,690,000",Foreign Used,92807 km,Automatic
Toyota Highlander 2015 Gold,"Abuja (FCT), Gwarinpa","27,040,000",Local Used,59082 km,Automatic
Nissan Pathfinder 2006 Gray,"Abuja (FCT), Kubwa","3,150,000",Local Used,197888 km,Automatic
Toyota Camry 2003 Black,"Abuja (FCT), Lugbe District","3,885,000",Local Used,237356 km,Automatic
Nissan NV3500 2014 White,"Lagos State, Yaba","8,400,000",Local Used,267194 km,Manual
Mercedes-Benz M Class ML 350 4Matic 2008 Black,"Abuja (FCT), Lugbe District","5,806,500",Local Used,331295 km,Automatic
Toyota Avalon 2014 Burgandy,"Lagos State, Lekki","22,880,000",Foreign Used,125494 km,Automatic
Toyota Sienna 2006 Gray,"Lagos State, Kosofe","10,920,000",Foreign Used,312826 km,Automatic
Toyota Camry 2006 Green,"Abuja (FCT), Gudu","7,176,000",Local Used,268974 km,Automatic
Toyota Camry 2003 Gold,"Lagos State, Ojodu","3,780,000",Local Used,176014 km,Automatic
Honda Accord 5P 2001 Silver,"Abuja (FCT), Lugbe District","2,600,000",Local Used,433770 km,Automatic
Nissan Pathfinder 2003 Gold,"Lagos State, Amuwo-Odofin","3,990,000",Local Used,272285 km,Automatic
Lexus RX 350 2010 Red,"Lagos State, Amuwo-Odofin","23,920,000",Foreign Used,296976 km,Automatic
Honda Accord 2009 Brown,"Abuja (FCT), Wuse","4,935,000",Local Used,336770 km,Automatic
Honda Accord 2006 Red,"Lagos State, Isolo","2,425,500",Local Used,148180 km,Automatic
Toyota Corolla 2003 Green,"Lagos State, Amuwo-Odofin","5,200,000",Local Used,298455 km,Automatic
Honda Crosstour 2011 White,"Lagos State, Isolo","9,360,000",Local Used,165274 km,Automatic
Toyota Camry 2007 Silver,"Rivers State, Port-Harcourt","6,760,000",Local Used,144935 km,Automatic
Toyota Corolla 2007 Gold,"Rivers State, Port-Harcourt","4,830,000",Local Used,58205 km,Automatic
Toyota Camry 2012 Gray,"Rivers State, Port-Harcourt","9,660,000",Local Used,184191 km,Automatic
Toyota Camry 2006 Black,"Rivers State, Port-Harcourt","3,937,500",Local Used,215678 km,Automatic
Toyota Corolla 2009 Black,"Edo State, Benin City","7,140,000",Local Used,1486691 km,Automatic
Peugeot 307 2003 Silver,"Abuja (FCT), Gwagwalada","3,150,000",Local Used,999999 km,Manual
Toyota Avalon 2012 Silver,"Abuja (FCT), Lugbe District","9,975,000",Local Used,258371 km,Automatic
Toyota 4-Runner Limited 4WD 2010 Black,"Lagos State, Ojodu","22,152,000",Local Used,106375 km,Automatic
Toyota Corolla 2004 Red,"Abuja (FCT), Karu","4,096,575",Local Used,153212 km,Automatic
Toyota Camry 2008 Gray,"Delta State, Oshimili South","6,090,000",Local Used,159197 km,Automatic
Hyundai Santa Fe 2016 Gray,"Oyo State, Ibadan","21,000,000",Foreign Used,114137 km,Automatic
Mercedes-Benz GLK-Class 350 4MATIC 2014 White,"Lagos State, Lekki","25,480,000",Foreign Used,232969 km,Automatic
Toyota Camry 2009 Blue,"Lagos State, Ajah","6,300,000",Local Used,234928 km,Automatic
BMW X5 2008 Gray,"Abuja (FCT), Kubwa","10,400,000",Local Used,171585 km,Automatic
Land Rover Range Rover Velar 2019 Blue,"Lagos State, Ikeja","56,227,500",Local Used,88450 km,Automatic
Acura MDX 2007 Gray,"Oyo State, Ibadan","5,250,000",Local Used,141001 km,Automatic
Honda Civic 2007 Green,"Lagos State, Ikorodu","2,520,000",Local Used,105030 km,Manual
Volkswagen Jetta 2012 Black,"Lagos State, Ikotun/Igando","8,924,998",Foreign Used,175045 km,Automatic
Toyota Camry 2012 Black,"Lagos State, Kosofe","11,440,000",Local Used,218961 km,Automatic
BMW 330i 2006 Black,"Abuja (FCT), Central Business District","7,350,000",Local Used,308465 km,Automatic
Volkswagen Golf Variant 1999 Red,"Enugu State, Enugu","2,310,000",Local Used,128150 km,Automatic
Toyota Camry 2012 Silver,"Lagos State, Kosofe","14,560,000",Foreign Used,220391 km,Automatic
Mercedes-Benz S-Class 2005 Black,"Lagos State, Ogudu","19,950,000",Local Used,Automatic,Automatic
Toyota Camry 2009 Gray,"Lagos State, Ikoyi","5,775,000",Local Used,134258 km,Automatic
Hyundai Elantra 2008 Blue,"Lagos State, Yaba","3,150,000",Local Used,217371 km,Automatic
Toyota Corolla 2004 Red,"Enugu State, Enugu","6,760,000",Local Used,219952 km,Automatic
Porsche Cayenne 2012 Black,"Lagos State, Lekki","31,500,000",Local Used,38604 km,Automatic
Toyota Highlander 3.0 2001 Silver,"Lagos State, Lekki","5,200,000",Local Used,434697 km,Automatic
Mazda CX-9 2013 Black,"Abuja (FCT), Jabi","11,025,000",Foreign Used,125085 km,Automatic
Honda Accord 2013 Gray,"Abuja (FCT), Lugbe District","14,560,000",Local Used,131524 km,Automatic
Toyota Camry 2003 Gray,"Rivers State, Port-Harcourt","4,680,000",Local Used,296435 km,Automatic
Mercedes-Benz GL-Class 2011 White,"Lagos State, Lekki","22,880,000",Foreign Used,223445 km,Automatic
Toyota Camry 2009 Silver,"Oyo State, Ibadan","5,565,000",Local Used,109658 km,Automatic
Toyota Sienna 2001 Gray,"Enugu State, Enugu","2,835,000",Local Used,264475 km,Automatic
Toyota Sienna 2001 White,"Oyo State, Ibadan","2,938,950",Local Used,218055 km,Automatic
Toyota Sienna 2006 Red,"Rivers State, Port-Harcourt","9,975,000",Foreign Used,293710 km,Automatic
Toyota Highlander Limited V6 FWD 2004 Black,"Kaduna State, Kaduna / Kaduna State","4,494,000",Local Used,144337 km,Automatic
Honda Accord 2008 Silver,"Lagos State, Yaba","4,200,000",Local Used,225735 km,Automatic
Mercedes-Benz M Class 2006 Gold,"Enugu State, Enugu","7,560,000",Local Used,193162 km,Automatic
Toyota RAV4 2003 Silver,"Enugu State, Enugu","5,200,000",Local Used,315000 km,Automatic
Lexus RX 400h 2006 Blue,"Lagos State, Ogba","5,775,000",Local Used,113639 km,Automatic
Jeep Wrangler 2014 Black,"Lagos State, Magodo","14,700,000",Local Used,103816 km,Automatic
GAC GS4 2016 Black,"Abuja (FCT), Wuse","14,175,000",Local Used,31555 km,Automatic
Honda Crosstour 2013 White,"Lagos State, Lekki","14,175,000",Local Used,108510 km,Automatic
Changan CS35 2023 Gray,"Lagos State, Ikoyi","42,000,000",Local Used,9209 km,Automatic
Toyota Corolla 2006 Gray,"Abuja (FCT), Gwarinpa","5,512,000",Local Used,140322 km,Automatic
Lexus IS 2008 Gray,"Abuja (FCT), Gwarinpa","8,840,000",Local Used,162525 km,Automatic
Honda CR-V 2009 Green,"Lagos State, Magodo","6,344,000",Local Used,114589 km,Automatic
Hyundai Sonata 2015 Silver,"Lagos State, Ikeja","10,752,000",Local Used,60949 km,Automatic
Ford Explorer 2012 Gold,"Lagos State, Ilupeju","20,800,000",Foreign Used,141451 km,Automatic
Lexus RX 300 1999 White,"Oyo State, Ibadan","3,465,000",Local Used,138081 km,Automatic
Ford Edge 2012 Black,"Lagos State, Ikorodu","6,510,000",Local Used,169048 km,Automatic
Toyota Camry 2012 White,"Lagos State, Lekki","15,600,000",Foreign Used,236701 km,Automatic
Toyota Highlander 2005 Red,"Lagos State, Alimosho","6,300,000",Local Used,328054 km,Automatic
Toyota Camry 2006 Black,"Abuja (FCT), Karu","6,032,000",Local Used,216424 km,Automatic
Pontiac Aztek 2001 Red,"Enugu State, Enugu","4,725,000",Local Used,104114 km,Automatic
Ford F-150 2003 White,"Abuja (FCT), Wuse","7,875,000",Foreign Used,255231 km,Automatic
Nissan Pathfinder 2005 Gray,"Lagos State, Isolo","4,888,000",Local Used,196778 km,Automatic
Toyota Hilux 2020 White,"Lagos State, Lekki","64,480,000",Local Used,37217 km,Automatic
Mercedes-Benz E350 2011 Red,"Lagos State, Lekki","18,720,000",Foreign Used,170158 km,Automatic
Nissan Frontier 2005 Black,"Lagos State, Abule Egba","5,460,000",Local Used,119233 km,Automatic
Honda Crosstour 3.5 AWD 2012 Blue,"Akwa Ibom State, Uyo","8,840,000",Local Used,225185 km,Automatic
Honda Accord 2013 Black,"Abuja (FCT), Gwarinpa","9,975,000",Local Used,91624 km,Automatic
Toyota Corolla 2010 Black,"Rivers State, Port-Harcourt","7,800,000",Local Used,163838 km,Automatic
Ford Focus 2005 Silver,"Abia State, Aba North","3,150,000",Local Used,130142 km,Automatic
Lexus RX 400h 2006 Silver,"Lagos State, Kosofe","5,565,000",Local Used,181720 km,Automatic
Mercedes-Benz M Class ML 350 4Matic 2007 White,"Abuja (FCT), Lugbe District","9,360,000",Local Used,169090 km,Automatic
Mercedes-Benz C230 2005 Black,"Abuja (FCT), Lugbe District","4,368,000",Local Used,345209 km,Automatic
Toyota Avensis 1.8 Sedan Automatic 2003 Gray,"Abuja (FCT), Lugbe District","4,680,000",Local Used,293662 km,Automatic
Toyota Camry 2015 Blue,"Abuja (FCT), Karu","17,472,000",Foreign Used,121281 km,Automatic
Honda CR-V 2007 Blue,"Rivers State, Port-Harcourt","4,674,600",Local Used,213315 km,Automatic
Toyota Avensis Verso 2004 Gray,"Lagos State, Ikorodu","3,675,000",Local Used,195683 km,Automatic
Lexus RX 400h 2006 Blue,"Lagos State, Ikeja","7,140,000",Local Used,316344 km,Automatic
Honda Accord Sedan SE V-6 Automatic 2007 Gray,"Rivers State, Port-Harcourt","3,150,000",Local Used,142947 km,Automatic
Toyota Corolla 2005 Gray,"Abuja (FCT), Kubwa","4,200,000",Local Used,320466 km,Automatic
Lexus LX 2011 Black,"Lagos State, Ikeja","52,000,000",Local Used,10018 km,Automatic
Nissan Almera 2013 Gray,"Oyo State, Ibadan","2,940,000",Local Used,122093 km,Manual
Nissan Primera 2004 Gray,"Abuja (FCT), Gudu","5,040,000",Local Used,233348 km,Automatic
Toyota Camry 2000 Gray,"Lagos State, Ikorodu","2,415,000",Local Used,290007 km,Automatic
Lexus RX 300 2000 Silver,"Rivers State, Port-Harcourt","4,160,000",Local Used,203045 km,Automatic
Honda Accord 2005 Black,"Delta State, Oshimili South","2,310,000",Local Used,2159850 km,Automatic
Toyota Sienna 2011 Gray,"Lagos State, Alimosho","17,680,000",Foreign Used,288685 km,Automatic
Honda Accord 2004 Gray,"Oyo State, Ibadan","2,808,000",Local Used,333514 km,Automatic
Toyota Celica 2003 Red,"Lagos State, Ilupeju","5,670,000",Local Used,104584 km,Automatic
Land Rover Lr3 2006 Gray,"Lagos State, Yaba","10,400,000",Local Used,330118 km,Automatic
Honda Accord 1999 Silver,"Lagos State, Ilupeju","2,288,000",Local Used,106238 km,Automatic
Toyota Corolla 2009 Black,"Edo State, Benin City","10,185,000",Foreign Used,105302 km,Automatic
Honda Accord 2004 Gold,"Lagos State, Kosofe","3,120,000",Local Used,504864 km,Automatic
Toyota Sienna 2004 Gray,"Ondo State, Akure","9,360,000",Local Used,431143 km,Automatic
Mitsubishi Pajero 2019 Black,"Lagos State, Lekki","31,500,000",Local Used,69623 km,Automatic
Lexus ES 2009 White,"Enugu State, Enugu","8,610,000",Local Used,141135 km,Automatic
Lexus GX 2007 Black,"Abuja (FCT), Central Business District","8,400,000",Local Used,166334 km,Automatic
Toyota Land Cruiser 2007 Black,"Lagos State, Ilupeju","19,950,000",Local Used,Automatic,Automatic
Lexus IS 2008 Black,"Oyo State, Ibadan","9,880,000",Local Used,253247 km,Automatic
Honda Accord 2008 Black,"Abuja (FCT), Kubwa","4,200,000",Local Used,207147 km,Automatic
Mercedes-Benz C300 2015 White,"Delta State, Oshimili South","20,800,000",Local Used,103834 km,Automatic
Toyota Corolla 2010 Black,"Rivers State, Port-Harcourt","9,360,000",Local Used,211277 km,Automatic
Land Rover Discovery 2005 Gold,"Lagos State, Ikeja","8,400,000",Local Used,198518 km,Automatic
Toyota Camry 2010 Gray,"Lagos State, Isolo","11,440,000",Foreign Used,272660 km,Automatic
Toyota Avalon 2006 Green,"Lagos State, Ojodu","4,725,000",Local Used,163728 km,Automatic
Toyota Camry 2004 Red,"Lagos State, Ojodu","5,200,000",Local Used,450134 km,Automatic
Lexus RX 2000 White,"Ondo State, Akure","3,150,000",Local Used,224734 km,Automatic
Hyundai Santa Fe 2.7 V6 2009 Brown,"Akwa Ibom State, Uyo","8,925,000",Local Used,118716 km,Manual
Ford Fiesta S Sedan 2012 White,"Akwa Ibom State, Uyo","7,350,000",Foreign Used,210543 km,Automatic
Lexus ES 350 2012 Brown,"Akwa Ibom State, Uyo","13,520,000",Local Used,167951 km,Automatic
Lexus GS 2004 Silver,"Lagos State, Mushin","4,200,000",Local Used,446870 km,Automatic
Toyota Corolla 2004 Black,"Lagos State, Abule Egba","6,240,000",Local Used,221769 km,Automatic
Toyota Avalon 2006 Blue,"Lagos State, Abule Egba","6,032,000",Local Used,156312 km,Automatic
Jeep Renegade 2015 Silver,"Lagos State, Yaba","5,250,000",Local Used,131108 km,Automatic
Toyota Venza 2009 Gray,"Lagos State, Kosofe","18,720,000",Foreign Used,97381 km,Automatic
Honda CR-V 2000 Red,"Rivers State, Port-Harcourt","2,704,000",Local Used,279174 km,Automatic
Honda CR-V 2013 Gray,"Abuja (FCT), Gudu","13,520,000",Local Used,346630 km,Automatic
Honda Accord 2010 Red,"Abuja (FCT), Asokoro","4,819,500",Local Used,263415 km,Automatic
Lexus RX 350 2011 Black,"Lagos State, Ikeja","26,000,000",Foreign Used,95357 km,Automatic
Toyota Camry 2007 Silver,"Imo State, Owerri","6,760,000",Local Used,431822 km,Automatic
Toyota Camry 2013 White,"Lagos State, Ikorodu","14,560,000",Foreign Used,121412 km,Automatic
Ford Edge 2008 Red,"Lagos State, Amuwo-Odofin","6,240,000",Local Used,1949865 km,Automatic
Mercedes-Benz GLC-Class 2016 Red,"Lagos State, Lekki","39,520,000",Foreign Used,179484 km,Automatic
Hyundai Elantra 2014 Red,"Lagos State, Lekki","5,250,000",Local Used,189803 km,Automatic
Toyota Highlander 2010 Black,"Lagos State, Magodo","9,450,000",Local Used,291251 km,Automatic
Ford Edge 2008 Gold,"Lagos State, Ikeja","6,240,000",Local Used,270021 km,Automatic
Honda Accord 2003 Gray,"Lagos State, Ikorodu","2,625,000",Local Used,244493 km,Automatic
Toyota Yaris 2007 Silver,"Oyo State, Ibadan","4,147,500",Local Used,146241 km,Automatic
Toyota Sienna 2003 Silver,"Abuja (FCT), Jabi","2,835,000",Local Used,86096 km,Automatic
Lexus ES 1993 Blue,"Abia State, Aba North","3,675,000",Local Used,Automatic,Automatic
Mercedes-Benz GL-Class 2007 Black,"Lagos State, Ikeja","14,560,000",Local Used,266122 km,Automatic
Mercedes-Benz CLA-Class 2015 Black,"Lagos State, Ikeja","17,680,000",Local Used,56804 km,Automatic
Toyota Camry 2009 Black,"Oyo State, Ibadan","7,280,000",Local Used,127865 km,Automatic
Nissan Frontier 2006 Blue,"Oyo State, Ibadan","6,090,000",Local Used,70617 km,Automatic
Toyota Corolla 2009 Blue,"Imo State, Owerri","3,175,000",Local Used,172122 km,Manual
Toyota Corolla 2003 Gold,"Rivers State, Port-Harcourt","5,200,000",Local Used,132762 km,Automatic
Ford Explorer 2005 Silver,"Lagos State, Ojodu","6,300,000",Foreign Used,320371 km,Automatic
Lexus RX 400h 2006 Silver,"Lagos State, Ojodu","8,400,000",Local Used,251766 km,Automatic
Nissan Sentra 2013 Black,"Lagos State, Yaba","5,250,000",Local Used,98432 km,CVT
Toyota Corolla 2006 White,"Lagos State, Yaba","6,240,000",Local Used,188355 km,Automatic
Toyota Camry 2008 Black,"Abuja (FCT), Gudu","7,800,000",Local Used,91396 km,Automatic
Lexus RX 350 2010 Silver,"Abuja (FCT), Gwarinpa","18,720,000",Local Used,341735 km,Automatic
Toyota Camry 2006 Gold,"Ondo State, Akure","4,695,000",Local Used,215025 km,Automatic
Honda Accord 2003 Black,"Abuja (FCT), Jabi","2,205,000",Local Used,9999999 km,Automatic
Dodge Charger 2021 Black,"Lagos State, Alimosho","50,400,000",Foreign Used,88571 km,Automatic
Kia Sorento 2012 Silver,"Lagos State, Alimosho","10,500,000",Foreign Used,260880 km,Automatic
Honda Ridgeline 2008 Black,"Lagos State, Lekki","5,355,000",Local Used,333130 km,Automatic
Honda CR-V 2007 Blue,"Rivers State, Port-Harcourt","5,670,000",Foreign Used,168825 km,Automatic
Toyota Camry 2008 Green,"Lagos State, Ikotun/Igando","6,968,000",Local Used,169951 km,Automatic
Mercedes-Benz C300 2015 Black,"Ondo State, Akure","29,120,000",Foreign Used,165201 km,Automatic
Toyota Sequoia 2003 Gray,"Abuja (FCT), Wuse","6,760,000",Local Used,230368 km,Automatic
Mercedes-Benz GLE-Class 2016 Black,"Lagos State, Lekki","47,840,000",Foreign Used,88038 km,Automatic
Toyota Venza 2015 Blue,"Lagos State, Lekki","30,680,000",Foreign Used,116594 km,Automatic
Mercedes-Benz GLK-Class 350 4MATIC 2011 Red,"Lagos State, Lekki","13,000,000",Local Used,227644 km,Automatic
Audi Q7 2008 Black,"Rivers State, Port-Harcourt","3,685,498",Local Used,163569 km,Automatic
Toyota Highlander 2008 Gray,"Rivers State, Port-Harcourt","8,820,000",Local Used,76240 km,Automatic
Toyota Corolla 2014 Gray,"Lagos State, Ikeja","15,600,000",Foreign Used,154438 km,Automatic
Toyota Camry 2007 Blue,"Abuja (FCT), Gwarinpa","7,280,000",Local Used,274917 km,Automatic
Volkswagen Routan 2009 White,"Lagos State, Ilupeju","7,350,000",Foreign Used,147037 km,Automatic
Ford Escape Limited 2006 Gray,"Rivers State, Port-Harcourt","3,360,000",Local Used,25326 km,Automatic
Lexus RX 330 2004 Black,"Imo State, Owerri","7,875,000",Local Used,249401 km,Automatic
Toyota Corolla 2005 Black,"Lagos State, Surulere","3,885,000",Local Used,398001 km,Automatic
Toyota Corolla 2011 Silver,"Rivers State, Port-Harcourt","6,300,000",Local Used,102400 km,Automatic
Mercedes-Benz G-Class 2002 Black,"Abuja (FCT), Central Business District","26,250,000",Local Used,999999 km,Automatic
Lexus LX 2014 Black,"Abuja (FCT), Central Business District","33,600,000",Local Used,244753 km,Automatic
Hyundai Tucson 2007 Blue,"Delta State, Oshimili South","3,832,500",Local Used,124920 km,Automatic
Volvo XC90 2011 Silver,"Lagos State, Ajah","7,350,000",Local Used,216869 km,Automatic
Lexus RX 300 1999 Silver,"Lagos State, Alimosho","3,570,000",Local Used,226064 km,Automatic
Toyota RAV4 2013 White,"Lagos State, Ikoyi","13,650,000",Local Used,132983 km,Automatic
Mercedes-Benz M Class 2008 Gray,"Lagos State, Lekki","10,400,000",Local Used,160108 km,Automatic
Mercedes-Benz CLA-Class 2014 White,"Lagos State, Alimosho","14,700,000",Local Used,81445 km,Automatic
Hyundai Tucson 2006 Silver,"Lagos State, Surulere","4,725,000",Local Used,484271 km,Automatic
Toyota Sienna 2004 Gold,"Lagos State, Amuwo-Odofin","4,281,373",Local Used,221404 km,Automatic
Mercedes-Benz GLE-Class 2020 Black,"Lagos State, Ilupeju","84,000,000",Local Used,55977 km,Automatic
Toyota Corolla 2009 Silver,"Rivers State, Port-Harcourt","6,825,000",Local Used,166087 km,Automatic
Lexus GS 300 2003 Red,"Lagos State, Ikorodu","3,150,000",Local Used,234841 km,Automatic
Toyota Camry 2004 Blue,"Lagos State, Ikorodu","3,465,000",Local Used,498922 km,Automatic
Toyota Sienna 2013 Gray,"Lagos State, Magodo","11,550,000",Local Used,91391 km,Automatic
Ford Edge 2007 Red,"Rivers State, Port-Harcourt","4,200,000",Local Used,204230 km,Automatic
Toyota Avalon 2000 Black,"Oyo State, Ibadan","3,675,000",Local Used,225734 km,Automatic
Nissan Sentra 2014 Burgandy,"Lagos State, Surulere","6,510,000",Local Used,93991 km,Automatic
Toyota Corolla 2009 Black,"Edo State, Benin City","7,592,000",Local Used,111971 km,Automatic
Mercedes-Benz E350 2010 Black,"Lagos State, Yaba","10,185,000",Local Used,140601 km,Automatic
Toyota Venza 2015 Green,"Lagos State, Ikeja","20,527,500",Foreign Used,232420 km,Automatic
Lexus LS 2007 Black,"Lagos State, Alimosho","5,775,000",Local Used,116014 km,Automatic
Lexus RX 330 2005 Blue,"Lagos State, Ikotun/Igando","9,360,000",Local Used,197364 km,Automatic
Toyota Camry 2002 Gold,"Oyo State, Ibadan","5,720,000",Local Used,15533 km,Automatic
Honda Civic 2001 Silver,"Oyo State, Ibadan","2,625,000",Local Used,108771 km,Manual
Subaru Forester 2006 Gray,"Oyo State, Ibadan","3,360,000",Local Used,256603 km,Automatic
Toyota Corolla S 2008 Blue,"Lagos State, Ajah","5,979,750",Local Used,314204 km,Automatic
Pontiac Vibe 2009 Blue,"Abuja (FCT), Kubwa","6,090,000",Local Used,175289 km,Automatic
Land Rover Range Rover Evoque Pure Plus AWD 2013 Black,"Akwa Ibom State, Uyo","19,760,000",Local Used,92936 km,Automatic
Audi A6 2008 Blue,"Lagos State, Alimosho","6,510,000",Local Used,547573 km,Automatic
Nissan Sentra 2014 Black,"Lagos State, Alimosho","9,450,000",Foreign Used,174446 km,Automatic
Kia Rio 2008 Black,"Lagos State, Isolo","2,940,000",Local Used,227564 km,Automatic
Toyota Corolla 2011 Black,"Oyo State, Ibadan","8,320,000",Local Used,120676 km,Automatic
Mercedes-Benz GL-Class 2010 Black,"Abuja (FCT), Garki 2","8,925,000",Local Used,200533 km,Automatic
Toyota Corolla 2003 Gray,"Lagos State, Abule Egba","5,200,000",Local Used,125017 km,Automatic
Honda Accord 2005 Gray,"Oyo State, Ibadan","3,640,000",Local Used,210252 km,Automatic
Toyota Sienna 2002 Blue,"Oyo State, Ibadan","3,150,000",Local Used,210450 km,Automatic
Toyota Venza 2013 Black,"Abia State, Aba North","16,640,000",Local Used,64558 km,Automatic
Nissan Pathfinder 2008 Black,"Abuja (FCT), Garki 2","5,460,000",Local Used,208245 km,Automatic
Toyota Corolla 2014 Gray,"Abuja (FCT), Garki 2","13,699,875",Foreign Used,201400 km,Automatic
Honda Odyssey 1999 Brown,"Delta State, Oshimili South","2,100,000",Local Used,301102 km,Automatic
Toyota Venza 2009 Black,"Lagos State, Surulere","16,065,000",Foreign Used,153486 km,Automatic
BMW Z4 3.0i 2003 Gray,"Ondo State, Akure","18,900,000",Foreign Used,322482 km,Automatic
Peugeot RC 2011 Silver,"Lagos State, Ogudu","13,650,000",Foreign Used,97409 km,Manual
Lexus LX 2018 Black,"Lagos State, Ikoyi","105,000,000",Foreign Used,38965 km,Automatic
Hyundai Sonata 2011 Black,"Lagos State, Ikorodu","6,300,000",Local Used,190026 km,Automatic
Hyundai Elantra 2002 Gold,"Oyo State, Ibadan","2,625,000",Local Used,178434 km,Automatic
Hyundai Elantra 2008 Black,"Ogun State, Abeokuta North","3,360,000",Local Used,243151 km,Automatic
Lexus RX 300 2000 Gold,"Enugu State, Enugu","4,992,000",Local Used,133176 km,Automatic
Lexus ES 2019 Blue,"Abuja (FCT), Central Business District","70,720,000",Foreign Used,64698 km,Automatic
Toyota Highlander 2015 Gray,"Abuja (FCT), Garki 2","31,200,000",Foreign Used,131603 km,Automatic
Toyota Sienna 2000 Beige,"Lagos State, Lekki","4,680,000",Local Used,359891 km,Automatic
Toyota Camry 2006 Red,"Imo State, Owerri","4,410,000",Local Used,397946 km,Automatic
Mercedes-Benz GLE-Class 2020 Black,"Abuja (FCT), Jabi","94,500,000",Foreign Used,96714 km,Automatic
Toyota Corolla 2003 Silver,"Oyo State, Ibadan","4,700,000",Local Used,136333 km,Automatic
Toyota Venza 2014 Blue,"Lagos State, Amuwo-Odofin","26,000,000",Foreign Used,278622 km,Automatic
Peugeot 406 2007 Blue,"Abuja (FCT), Gwarinpa","2,940,000",Local Used,999999 km,Manual
Toyota Corolla 2009 Gray,"Lagos State, Kosofe","5,775,000",Local Used,141071 km,Automatic
Ford Edge 2014 White,"Lagos State, Lekki","8,528,000",Local Used,223021 km,Automatic
Lexus ES 2013 Silver,"Lagos State, Lekki","23,400,000",Foreign Used,111792 km,Automatic
Toyota Yaris Sedan Automatic 2007 Gray,"Lagos State, Ojodu","4,567,500",Local Used,262087 km,Automatic
Honda CR-V 2016 Gray,"Lagos State, Alimosho","16,275,000",Local Used,52771 km,Automatic
Hyundai Tucson 2012 Black,"Abuja (FCT), Jabi","12,915,000",Foreign Used,142914 km,Automatic
Toyota Corolla 2010 White,"Abuja (FCT), Gwarinpa","9,256,008",Local Used,91697 km,Automatic
Honda Odyssey 2013 Black,"Lagos State, Lekki","12,600,000",Local Used,51436 km,Automatic
Kia Picanto 2014 Black,"Kaduna State, Kaduna / Kaduna State","4,725,000",Local Used,108015 km,Automatic
Lexus RX 300 1999 Gold,"Lagos State, Abule Egba","4,160,000",Local Used,116075 km,Automatic
MG MGB 2010 Silver,"Lagos State, Yaba","5,250,000",Local Used,57602 km,Automatic
Toyota Camry 2008 Silver,"Lagos State, Ikeja","8,112,000",Local Used,128060 km,Automatic
Toyota Land Cruiser Prado 2015 White,"Lagos State, Lekki","30,500,000",Local Used,156515 km,Automatic
Toyota Corolla 2005 White,"Lagos State, Ajah","4,725,000",Local Used,379527 km,Automatic
Toyota Corolla 2012 Gray,"Kaduna State, Kaduna / Kaduna State","8,840,000",Local Used,273432 km,Automatic
Honda Accord 2006 Black,"Abuja (FCT), Gwarinpa","2,940,000",Local Used,371385 km,Automatic
Toyota Sienna 2005 Gold,"Abuja (FCT), Kubwa","6,240,000",Local Used,104759 km,Automatic
Mercedes-Benz C300 2009 Black,"Lagos State, Alimosho","6,825,000",Local Used,71351 km,Automatic
Honda Pilot 2005 Gold,"Lagos State, Surulere","2,730,000",Local Used,403871 km,Automatic
Nissan Primera 2001 Blue,"Lagos State, Yaba","1,575,000",Local Used,264525 km,Manual
Toyota Camry 2008 Gray,"Enugu State, Enugu","7,280,000",Local Used,214912 km,Automatic
Toyota Camry 2017 Blue,"Abuja (FCT), Gudu","19,760,000",Foreign Used,238737 km,Automatic
Toyota Highlander 2004 White,"Abuja (FCT), Lugbe District","7,280,000",Local Used,317522 km,Automatic
Toyota Sienna 2004 Silver,"Lagos State, Kosofe","5,775,000",Local Used,238391 km,Automatic
Toyota Camry 2015 Silver,"Lagos State, Lekki","15,600,000",Local Used,79241 km,Automatic
Jeep Liberty 2004 Black,"Lagos State, Isolo","4,200,000",Local Used,236885 km,Automatic
Toyota Corolla 2008 Gray,"Abuja (FCT), Gwagwalada","6,825,000",Local Used,411220 km,Automatic
Toyota Camry 2.4 XLi 2005 Green,"Lagos State, Ikorodu","6,240,000",Local Used,304672 km,Automatic
Toyota Corolla 2015 Green,"Abuja (FCT), Garki 2","15,600,000",Foreign Used,281666 km,Automatic
Toyota Sienna LE FWD (3.3L V6 5A) 2004 Blue,"Lagos State, Ojodu","6,760,000",Local Used,155719 km,Automatic
Toyota Corolla 2010 Black,"Enugu State, Enugu","11,232,000",Local Used,96990 km,Automatic
Mercedes-Benz E350 2014 Silver,"Lagos State, Amuwo-Odofin","25,584,000",Foreign Used,216947 km,Automatic
Lexus RX 350 2010 Black,"Abuja (FCT), Gwarinpa","17,325,000",Local Used,190532 km,Automatic
Toyota Tundra 2006 Black,"Lagos State, Ikotun/Igando","9,450,000",Local Used,139664 km,Automatic
Mercedes-Benz G-Class 2002 Black,"Lagos State, Lekki","18,375,000",Local Used,Automatic,Automatic
Land Rover Lr3 2005 Blue,"Lagos State, Surulere","6,510,000",Local Used,310441 km,Automatic
Hyundai Santa Fe 2015 White,"Rivers State, Port-Harcourt","19,950,000",Foreign Used,165084 km,Automatic
Toyota Highlander 2008 Silver,"Abuja (FCT), Wuse","10,500,000",Local Used,214457 km,Automatic
Toyota Corolla 2011 Red,"Abuja (FCT), Asokoro","6,720,000",Local Used,262278 km,Automatic
Toyota Corolla 1998 Gray,"Lagos State, Kosofe","2,310,000",Local Used,351676 km,Automatic
Honda CR-V 2010 Black,"Lagos State, Ogba","5,775,000",Local Used,69080 km,Automatic
Lexus RX 330 2005 Gray,"Lagos State, Surulere","13,000,000",Foreign Used,188027 km,Automatic
Toyota Aygo 2015 Black,"Lagos State, Abule Egba","6,615,000",Local Used,30097 km,Manual
Nissan Rogue 2011 Blue,"Lagos State, Ogudu","7,350,000",Local Used,122308 km,Automatic
Toyota Camry 2002 Silver,"Akwa Ibom State, Uyo","4,680,000",Local Used,282699 km,Automatic
Toyota Camry 2002 Black,"Rivers State, Port-Harcourt","3,120,000",Local Used,92538 km,Automatic
Toyota Sienna 2004 Silver,"Lagos State, Ogudu","4,788,000",Local Used,214474 km,Automatic
Volkswagen Golf 1994 Black,"Oyo State, Ibadan","2,205,000",Local Used,52327 km,Manual
Kia Optima 2010 Gray,"Abuja (FCT), Kubwa","3,255,000",Local Used,215854 km,Manual
Ford Edge 2015 Silver,"Lagos State, Ikeja","20,800,000",Local Used,63312 km,Automatic
Mercedes-Benz C300 2008 Black,"Lagos State, Abule Egba","12,480,000",Foreign Used,306078 km,Automatic
Ford F-150 2013 Black,"Lagos State, Lekki","11,340,000",Local Used,95116 km,Automatic
Honda Crosstour 3.5 FWD 2010 Red,"Akwa Ibom State, Uyo","6,300,000",Local Used,64599 km,Automatic
Nissan Altima 2.5 SL 2005 Black,"Lagos State, Lekki","2,814,000",Local Used,121744 km,Automatic
Toyota Corolla 2007 Gray,"Ogun State, Abeokuta North","7,350,000",Foreign Used,385414 km,Automatic
Toyota 4-Runner 2013 Black,"Lagos State, Lekki","52,500,000",Local Used,108028 km,Automatic
Toyota Camry 2003 Gray,"Oyo State, Ibadan","4,576,000",Local Used,131608 km,Automatic
BMW 528i 2016 Black,"Lagos State, Amuwo-Odofin","19,950,000",Local Used,255959 km,Automatic
Lexus RX 350 2008 Black,"Edo State, Benin City","8,925,000",Local Used,189478 km,Automatic
Toyota Corolla 2005 Blue,"Abuja (FCT), Lugbe District","7,875,000",Foreign Used,1398397 km,Automatic
Toyota 4-Runner 1997 Green,"Delta State, Oshimili South","3,727,500",Local Used,191745 km,Automatic
Mercedes-Benz GLA 250 2021 Gray,"Abuja (FCT), Asokoro","67,600,000",Foreign Used,34689 km,Automatic
Nissan Pathfinder 2005 Brown,"Lagos State, Ogba","3,150,000",Local Used,98519 km,Automatic
Mercedes-Benz GLE-Class 2020 White,"Lagos State, Lekki","94,500,000",Foreign Used,109001 km,Automatic
Peugeot 301 2013 Gray,"Abuja (FCT), Garki 2","4,725,000",Local Used,198042 km,Automatic
Peugeot 408 2011 Black,"Abuja (FCT), Lugbe District","3,675,000",Foreign Used,732232 km,Automatic
Mercedes-Benz GLA 250 2015 White,"Abuja (FCT), Garki 2","20,215,125",Local Used,116687 km,Automatic
Hyundai Elantra 2021 White,"Abuja (FCT), Garki 2","36,750,000",Foreign Used,74403 km,Automatic
Volkswagen Sharan 1999 Blue,"Lagos State, Surulere","3,150,000",Local Used,295551 km,Manual
Acura ZDX 2010 Black,"Abuja (FCT), Gudu","9,030,000",Local Used,92229 km,Automatic
Volvo S60 2004 Green,"Abuja (FCT), Kubwa","2,100,000",Local Used,274395 km,Automatic
Lexus LS 2011 Black,"Lagos State, Isolo","10,500,000",Local Used,62256 km,Automatic
Mercedes-Benz GLE-Class 2016 White,"Lagos State, Lekki","33,280,000",Local Used,116861 km,Automatic
Toyota Sienna 2008 White,"Lagos State, Ogudu","12,480,000",Foreign Used,199139 km,Automatic
Honda Stream 2001 White,"Abuja (FCT), Gwarinpa","2,415,000",Local Used,261864 km,Automatic
Hyundai Santa Fe 2003 Black,"Abuja (FCT), Central Business District","4,410,000",Local Used,194714 km,Automatic
Toyota Venza 2013 Black,"Lagos State, Magodo","13,545,000",Local Used,182669 km,Automatic
Lexus RX 350 2007 Gray,"Lagos State, Magodo","7,476,000",Local Used,178015 km,Automatic
Mercedes-Benz E350 2010 Blue,"Abuja (FCT), Lugbe District","10,500,000",Local Used,118754 km,Automatic
Mercedes-Benz C300 2009 Black,"Abuja (FCT), Lugbe District","8,840,000",Local Used,317868 km,Automatic
Honda Accord 2000 Red,"Lagos State, Yaba","3,120,000",Local Used,482800 km,Automatic
Land Rover Lr3 SE 2005 Black,"Rivers State, Port-Harcourt","5,250,000",Local Used,200333 km,Automatic
BMW X3 2005 Silver,"Abuja (FCT), Kubwa","5,250,000",Local Used,252079 km,Automatic
Volkswagen Passat 1999 Silver,"Rivers State, Port-Harcourt","2,100,000",Local Used,170885 km,Manual
Toyota Highlander 2004 Black,"Lagos State, Isolo","4,620,000",Local Used,199003 km,Automatic
Toyota Venza V6 2010 Silver,"Lagos State, Lekki","18,500,625",Foreign Used,217038 km,Automatic
Mercedes-Benz C-Class 2005 Black,"Lagos State, Ilupeju","6,300,000",Local Used,Automatic,Automatic
Toyota Corolla 2015 Silver,"Lagos State, Isolo","14,700,000",Foreign Used,126100 km,Automatic
Mercedes-Benz E350 2015 White,"Abuja (FCT), Asokoro","23,920,000",Foreign Used,288024 km,Automatic
Toyota Sienna XLE FWD 2019 Red,"Lagos State, Lekki","33,600,000",Foreign Used,7579 km,Automatic
Honda CR-V 1999 Blue,"Lagos State, Amuwo-Odofin","2,808,000",Local Used,234641 km,Automatic
Toyota Avalon 2005 Silver,"Ogun State, Abeokuta North","3,990,000",Local Used,268674 km,Automatic
Honda Pilot 2008 Black,"Abuja (FCT), Gwarinpa","3,564,750",Local Used,125162 km,Automatic
Nissan Xterra Automatic 2003 Red,"Lagos State, Ikorodu","3,255,000",Local Used,154231 km,Automatic
Mercedes-Benz GLE-Class 2017 Black,"Lagos State, Ikeja","49,400,000",Foreign Used,128560 km,Automatic
Lexus RX 300 2001 Black,"Lagos State, Kosofe","5,200,000",Local Used,222035 km,Automatic
Toyota Camry 2008 Black,"Enugu State, Enugu","7,072,000",Local Used,164651 km,Automatic
Honda CR-V 2006 Gold,"Rivers State, Port-Harcourt","3,297,000",Local Used,147964 km,Automatic
Honda Accord 2014 White,"Oyo State, Ibadan","15,600,000",Foreign Used,219024 km,Automatic
Pontiac Vibe 2009 Blue,"Oyo State, Ibadan","9,360,000",Local Used,132014 km,Automatic
Toyota Corolla 2016 Black,"Lagos State, Ojodu","9,450,000",Local Used,166130 km,Automatic
Ford Edge 2008 Gray,"Lagos State, Yaba","4,284,000",Local Used,303848 km,Automatic
Toyota Sienna 1999 Green,"Lagos State, Abule Egba","3,120,000",Local Used,265013 km,Automatic
Acura MDX SUV 4dr AWD (3.7 6cyl 5A) 2008 Silver,"Lagos State, Lekki","6,090,000",Local Used,178994 km,Automatic
Toyota Corolla 2008 Black,"Lagos State, Ogudu","5,460,000",Local Used,203885 km,Automatic
Toyota Sienna 2011 Red,"Lagos State, Alimosho","14,280,000",Foreign Used,174249 km,Automatic
Mercedes-Benz M Class 2002 Black,"Oyo State, Ibadan","3,675,000",Local Used,294230 km,Automatic
Mercedes-Benz GLE-Class 2017 White,"Lagos State, Yaba","52,000,000",Foreign Used,125153 km,Automatic
Honda Accord 2006 Black,"Abuja (FCT), Kubwa","3,640,000",Local Used,259001 km,Automatic
Opel Zafira 2003 Red,"Ogun State, Abeokuta North","2,100,000",Local Used,Manual,Manual
Toyota Camry 2013 Black,"Lagos State, Alimosho","13,125,000",Foreign Used,179031 km,Automatic
Mercedes-Benz GLK-Class 2013 Red,"Abuja (FCT), Wuse","15,750,000",Local Used,256894 km,Automatic
Toyota RAV4 2008 Silver,"Lagos State, Amuwo-Odofin","8,840,000",Local Used,203122 km,Automatic
Toyota Camry 2001 Gold,"Abuja (FCT), Central Business District","2,600,000",Local Used,325453 km,Automatic
Toyota Venza 2014 Red,"Edo State, Benin City","13,125,000",Local Used,102682 km,Automatic
Nissan Altima 2010 Blue,"Lagos State, Ikorodu","3,675,000",Local Used,123451 km,Automatic
Toyota RAV4 2011 Blue,"Lagos State, Lekki","10,712,000",Local Used,122986 km,Automatic
Toyota Sienna 2005 Gold,"Oyo State, Ibadan","5,250,000",Local Used,199207 km,Automatic
Nissan Rogue 2010 Gray,"Oyo State, Ibadan","6,615,000",Local Used,219508 km,Automatic
Lexus RX 330 2004 Silver,"Lagos State, Ikoyi","8,925,000",Foreign Used,135019 km,Automatic
Toyota Corolla 2009 Black,"Lagos State, Alimosho","2,362,500",Local Used,213974 km,Manual
Lexus ES 2007 Gray,"Lagos State, Abule Egba","8,400,000",Local Used,240032 km,Automatic
BMW 328i 2012 Silver,"Rivers State, Port-Harcourt","12,075,000",Local Used,275836 km,CVT
BMW 323i 2006 Black,"Abuja (FCT), Gwarinpa","6,825,000",Local Used,197446 km,Manual
Kia Sorento 2014 Silver,"Lagos State, Mushin","10,500,000",Local Used,73746 km,Automatic
Ford Edge 2007 Black,"Lagos State, Amuwo-Odofin","4,395,562",Local Used,301723 km,Automatic
Hyundai Sonata 2011 Black,"Lagos State, Surulere","11,235,000",Foreign Used,245115 km,Automatic
Nissan Xterra Automatic 2005 Black,"Lagos State, Ikorodu","4,200,000",Local Used,174176 km,Automatic
Honda Accord 2004 Silver,"Abuja (FCT), Gwarinpa","2,310,000",Local Used,197446 km,Automatic
Mercedes-Benz G-Class 2009 Black,"Abuja (FCT), Gwarinpa","47,840,000",Local Used,86571 km,Automatic
Toyota Camry 2000 Gray,"Edo State, Benin City","2,100,000",Local Used,295262 km,Automatic
Land Rover Range Rover Sport 2012 Gray,"Lagos State, Ikorodu","7,245,000",Local Used,117415 km,Automatic
Honda Pilot 2004 Silver,"Abuja (FCT), Gudu","3,570,000",Local Used,324712 km,Automatic
Lexus RX 350 2009 Blue,"Rivers State, Port-Harcourt","9,360,000",Local Used,294180 km,Automatic
Toyota Camry 2010 Silver,"Lagos State, Alimosho","5,439,000",Local Used,112591 km,Automatic
Nissan Frontier 2007 Brown,"Abuja (FCT), Jabi","4,830,000",Local Used,192912 km,Automatic
Toyota Camry 2008 Red,"Lagos State, Alimosho","7,800,000",Local Used,174233 km,Automatic
Honda Civic 2019 Black,"Abuja (FCT), Gudu","33,075,000",Local Used,58003 km,CVT
Ford Explorer 2005 Gold,"Lagos State, Surulere","2,709,000",Local Used,291409 km,Automatic
Toyota Camry 2005 Gold,"Lagos State, Magodo","8,736,000",Foreign Used,491030 km,Automatic
Toyota Corolla XSE 2020 Silver,"Lagos State, Ikeja","29,400,000",Foreign Used,195024 km,Automatic
Toyota Avalon 2007 Blue,"Abuja (FCT), Jabi","4,200,000",Local Used,254890 km,Automatic
Porsche Cayenne 2003 Gray,"Lagos State, Yaba","10,500,000",Local Used,253600 km,Automatic
Toyota Corolla 2015 Blue,"Kaduna State, Kaduna / Kaduna State","13,520,000",Local Used,142159 km,Automatic
Pontiac Vibe Automatic 2003 Gray,"Kaduna State, Kaduna / Kaduna State","6,032,000",Local Used,1 km,Automatic
Ford Edge 2016 Blue,"Lagos State, Surulere","19,950,000",Local Used,173514 km,Automatic
Honda Accord 2013 Silver,"Lagos State, Lekki","8,505,000",Local Used,232014 km,Automatic
Ford Explorer 2014 Black,"Ogun State, Abeokuta North","8,925,000",Local Used,114935 km,Automatic
Lexus ES 2007 Blue,"Oyo State, Ibadan","6,300,000",Local Used,170837 km,Automatic
Mercedes-Benz C230 2007 Silver,"Abuja (FCT), Lugbe District","4,935,000",Foreign Used,327510 km,Automatic
Toyota Matrix 2005 Blue,"Abuja (FCT), Gudu","3,360,000",Local Used,254325 km,Automatic
Toyota Avalon 2006 Gray,"Lagos State, Kosofe","4,452,000",Local Used,249602 km,Automatic
Toyota Camry 2009 Black,"Oyo State, Ibadan","5,712,000",Local Used,179481 km,Automatic
Acura TL 2008 Black,"Abuja (FCT), Gudu","6,825,000",Local Used,344870 km,Automatic
Honda Accord 2003 Gold,"Abuja (FCT), Gwagwalada","3,640,000",Local Used,170579 km,Automatic
Toyota Land Cruiser Prado 2012 Black,"Abuja (FCT), Kubwa","28,350,000",Local Used,23618 km,Automatic
Nissan Frontier 2005 White,"Abuja (FCT), Gwarinpa","8,400,000",Local Used,353908 km,Automatic
Kia Optima 2012 Gray,"Abuja (FCT), Wuse","11,025,000",Foreign Used,66114 km,Automatic
Toyota Sequoia 2001 Blue,"Oyo State, Ibadan","5,775,000",Local Used,160181 km,Automatic
Honda Accord 1998 Black,"Lagos State, Kosofe","1,785,000",Local Used,Automatic,Automatic
Toyota Highlander 2012 White,"Ogun State, Abeokuta North","17,680,000",Local Used,181401 km,Automatic
Toyota Camry 2007 Gray,"Lagos State, Ogba","7,280,000",Local Used,151370 km,Automatic
Toyota Avalon 2006 Gold,"Lagos State, Amuwo-Odofin","4,672,500",Local Used,184052 km,Automatic
Mercedes-Benz S-Class 2007 Black,"Abuja (FCT), Gwarinpa","9,135,000",Local Used,346695 km,Automatic
Toyota Camry 2005 Burgandy,"Lagos State, Alimosho","6,738,375",Foreign Used,513744 km,Automatic
Mercedes-Benz M Class 2006 Silver,"Lagos State, Ajah","8,320,000",Local Used,297690 km,Automatic
Toyota Venza V6 2012 Black,"Ondo State, Akure","14,560,000",Local Used,265174 km,Automatic
Honda Civic LX 4dr Sedan (2.0L 4cyl) 2017 Silver,"Lagos State, Lekki","18,720,000",Foreign Used,63862 km,Automatic
Hyundai Sonata 2011 Gray,"Lagos State, Alimosho","9,450,000",Foreign Used,256982 km,Automatic
Mazda 626 2007 Gray,"Lagos State, Ikorodu","7,245,000",Local Used,304648 km,Automatic
Toyota Corolla 2010 Black,"Lagos State, Ikeja","8,216,000",Local Used,200797 km,Automatic
Toyota Camry 2008 Gold,"Lagos State, Ogudu","6,300,000",Local Used,97490 km,Automatic
Honda Accord 2007 Gray,"Lagos State, Abule Egba","3,640,000",Local Used,129224 km,Automatic
Toyota Corolla 2007 Gray,"Enugu State, Enugu","3,675,000",Local Used,320000 km,Automatic
Kia Mohave 2016 Black,"Abuja (FCT), Garki 2","6,300,000",Local Used,140728 km,Automatic
Mercedes-Benz C200 2001 Silver,"Abuja (FCT), Lugbe District","3,675,000",Local Used,257475 km,Automatic
Peugeot 307 1.6 Break Oxygo 2007 Silver,"Abuja (FCT), Lugbe District","2,171,400",Local Used,411880 km,Manual
Toyota 4-Runner 2014 Gray,"Akwa Ibom State, Uyo","28,350,000",Local Used,93771 km,Automatic
Toyota Venza 2010 Purple,"Lagos State, Ikorodu","14,560,000",Local Used,125213 km,Automatic
Toyota Camry 2002 Gray,"Lagos State, Ojodu","3,952,000",Local Used,139581 km,Automatic
Ford Explorer 2015 Black,"Lagos State, Lekki","9,660,000",Local Used,63840 km,Automatic
Toyota Camry 2007 Gray,"Abuja (FCT), Lugbe District","6,300,000",Local Used,414567 km,Automatic
Toyota Camry 2010 Black,"Lagos State, Lekki","6,132,000",Local Used,128933 km,Automatic
Nissan 240SX 2000 Silver,"Enugu State, Enugu","1,890,000",Local Used,300000 km,Manual
Toyota RAV4 2021 Black,"Lagos State, Surulere","38,850,000",Foreign Used,22773 km,Automatic
Toyota Camry 2008 Black,"Abia State, Aba North","7,800,000",Local Used,235716 km,Automatic
Toyota Corolla 2005 Gray,"Abuja (FCT), Gudu","5,000,000",Local Used,289015 km,Automatic
Lexus RX 350 2008 Black,"Lagos State, Yaba","10,400,000",Local Used,304450 km,Automatic
Acura RDX 2008 Gray,"Abuja (FCT), Wuse","6,825,000",Local Used,146223 km,Automatic
Toyota Camry 2011 Black,"Imo State, Owerri","9,360,000",Local Used,262082 km,Automatic
Peugeot 307 2004 Blue,"Abuja (FCT), Garki 2","4,160,000",Local Used,228578 km,Manual
Mazda 323 1998 Silver,"Abuja (FCT), Asokoro","2,100,000",Local Used,196817 km,Manual
Toyota Sienna 2005 White,"Lagos State, Alimosho","6,760,000",Local Used,228098 km,Automatic
Toyota Avensis 2014 Silver,"Abuja (FCT), Lugbe District","11,550,000",Local Used,114782 km,Automatic
Mazda CX-9 2008 Gray,"Lagos State, Yaba","4,830,000",Local Used,299811 km,Automatic
Hyundai Santa Fe 2008 Red,"Abuja (FCT), Wuse","4,725,000",Local Used,182250 km,Automatic
Toyota Camry 2008 Silver,"Rivers State, Port-Harcourt","5,460,000",Local Used,109670 km,Automatic
Lexus NX 2020 Gray,"Lagos State, Lekki","42,000,000",Local Used,68842 km,Automatic
Toyota Camry 2011 Silver,"Lagos State, Lekki","11,232,000",Foreign Used,212841 km,Automatic
Toyota Highlander 2003 Green,"Lagos State, Ogba","5,512,000",Local Used,263757 km,Automatic
Kia Sportage 2005 Brown,"Lagos State, Yaba","3,990,000",Local Used,172369 km,Automatic
Peugeot 206 CC 1999 Black,"Abuja (FCT), Karu","2,940,000",Local Used,231548 km,Manual
Honda Accord 2004 Gray,"Lagos State, Amuwo-Odofin","3,120,000",Local Used,241748 km,Automatic
Toyota Corolla Sedan 2003 Blue,"Lagos State, Ikorodu","4,784,000",Local Used,195455 km,Automatic
Toyota Corolla 2006 Blue,"Lagos State, Isolo","5,928,000",Local Used,206794 km,Automatic
Honda Civic 2008 Gray,"Lagos State, Ikotun/Igando","4,160,000",Local Used,192582 km,Automatic
Toyota Highlander 2019 Gray,"Lagos State, Mushin","35,700,000",Foreign Used,234636 km,Automatic
Honda Accord 2009 Black,"Abuja (FCT), Karu","4,373,250",Local Used,165314 km,Automatic
Mercedes-Benz M Class 2014 Black,"Lagos State, Ilupeju","34,320,000",Foreign Used,98239 km,Automatic
Toyota Corolla 2009 Black,"Abuja (FCT), Wuse","8,320,000",Local Used,184362 km,Automatic
Toyota Camry 2009 Red,"Enugu State, Enugu","7,280,000",Local Used,131724 km,Automatic
Volkswagen Tiguan 2012 Black,"Lagos State, Ojodu","7,875,000",Local Used,33033 km,Automatic
Mercedes-Benz GLC-Class 2016 Gray,"Lagos State, Lekki","52,000,000",Local Used,78391 km,Automatic
Toyota Camry 2007 Blue,"Lagos State, Surulere","5,145,000",Local Used,138292 km,Automatic
Toyota Camry 2005 Black,"Ogun State, Abeokuta North","5,200,000",Local Used,275824 km,Automatic
Lexus IS 2006 Silver,"Ogun State, Abeokuta North","7,350,000",Local Used,115558 km,Automatic
Lexus ES 2013 Gray,"Abuja (FCT), Wuse","18,720,000",Local Used,253200 km,Automatic
Toyota RAV4 2008 Green,"Rivers State, Port-Harcourt","8,840,000",Local Used,124968 km,Automatic
Toyota Camry 2011 Gray,"Lagos State, Ikeja","10,038,000",Foreign Used,389255 km,Automatic
BMW X5 2009 Black,"Lagos State, Alimosho","13,125,000",Foreign Used,185402 km,Automatic
BMW X5 2008 White,"Oyo State, Ibadan","7,350,000",Local Used,182927 km,Automatic
Kia Sorento 2005 Silver,"Lagos State, Yaba","5,250,000",Local Used,163230 km,Automatic
Toyota Highlander Limited 3.5l 4WD 2013 Black,"Abuja (FCT), Lugbe District","14,505,750",Local Used,207282 km,Automatic
Lexus LS 460 L 2012 Black,"Lagos State, Ikorodu","10,500,000",Foreign Used,277797 km,Automatic
Acura MDX 2008 Red,"Lagos State, Abule Egba","7,280,000",Local Used,190082 km,Automatic
Suzuki VS 2007 Black,"Abuja (FCT), Gwarinpa","5,250,000",Local Used,262550 km,Automatic
Toyota Sienna 2023 Black,"Lagos State, Amuwo-Odofin","66,675,000",Foreign Used,160932 km,Automatic
Chevrolet Nubira 2005 Silver,"Lagos State, Kosofe","3,675,000",Local Used,251861 km,Manual
Nissan Murano 2004 Gray,"Lagos State, Magodo","4,095,000",Local Used,190166 km,Automatic
Mercedes-Benz C350 2012 Gray,"Abuja (FCT), Gwarinpa","20,072,000",Foreign Used,133835 km,Automatic
Toyota Camry 2.3 2007 Green,"Lagos State, Ikorodu","5,827,500",Local Used,86426 km,Automatic
Nissan UA-QG 2007 White,"Lagos State, Ikorodu","8,925,000",Foreign Used,Manual,Manual
Toyota Corolla 2010 Gray,"Abuja (FCT), Asokoro","8,320,000",Local Used,119173 km,Automatic
Honda Accord 2007 Black,"Lagos State, Alimosho","2,625,000",Local Used,172188 km,Automatic
Honda Accord 2004 Purple,"Lagos State, Ikorodu","8,400,000",Foreign Used,225429 km,Automatic
Toyota Camry 2010 Blue,"Abuja (FCT), Gudu","6,825,000",Local Used,138208 km,Automatic
Lexus RX 300 2000 Black,"Oyo State, Ibadan","4,160,000",Local Used,221926 km,Automatic
Toyota RAV4 2013 Black,"Lagos State, Alimosho","24,960,000",Foreign Used,116196 km,Automatic
Honda Odyssey 2008 White,"Rivers State, Port-Harcourt","3,780,000",Local Used,453745 km,Automatic
Toyota RAV4 2015 Gray,"Lagos State, Isolo","17,850,000",Foreign Used,93158 km,Automatic
Toyota Camry 2007 Blue,"Lagos State, Alimosho","6,760,000",Local Used,157269 km,Automatic
Toyota Corolla 2009 Silver,"Lagos State, Amuwo-Odofin","7,800,000",Local Used,314699 km,Automatic
Mercedes-Benz S-Class 2008 Black,"Lagos State, Lekki","10,500,000",Foreign Used,205832 km,Automatic
Infiniti QX56 2011 Ivory,"Lagos State, Isolo","15,750,000",Local Used,91866 km,Automatic
Mazda CX-7 2007 Blue,"Delta State, Oshimili South","4,200,000",Local Used,180466 km,Automatic
Honda Shuttle 2000 Blue,"Lagos State, Ogba","2,415,000",Local Used,403229 km,Automatic
Ford Fusion 2010 White,"Enugu State, Enugu","3,465,000",Local Used,375096 km,Automatic
Nissan Armada 2008 Gold,"Lagos State, Abule Egba","7,035,000",Local Used,48696 km,Automatic
Ford Edge 2011 Brown,"Lagos State, Lekki","7,644,000",Local Used,146477 km,Automatic
Mercedes-Benz GLE-Class 2020 Gray,"Lagos State, Surulere","95,680,000",Local Used,92023 km,Automatic
Nissan Xterra SE 4x4 2006 Blue,"Lagos State, Ojodu","2,257,500",Local Used,346421 km,Automatic
Honda Accord 2017 Black,"Lagos State, Yaba","20,800,000",Local Used,91976 km,Automatic
Nissan Almera Tino 2004 Silver,"Lagos State, Ojodu","2,730,000",Local Used,283759 km,Automatic
Honda Accord 2008 Gray,"Oyo State, Ibadan","4,725,000",Local Used,94636 km,Automatic
Hyundai Sonata 2018 Black,"Oyo State, Ibadan","22,880,000",Foreign Used,69214 km,Automatic
Toyota Corolla 2019 Red,"Delta State, Oshimili South","22,050,000",Local Used,79506 km,CVT
Nissan Rogue SV 2012 Silver,"Imo State, Owerri","11,970,000",Local Used,188852 km,CVT
Toyota Corolla 2016 Gray,"Lagos State, Ogba","10,500,000",Local Used,128153 km,Automatic
Honda Accord 2007 Black,"Abuja (FCT), Garki 2","4,160,000",Local Used,171592 km,Automatic
Nissan X-Trail 2005 Black,"Abuja (FCT), Wuse","3,675,000",Local Used,422001 km,Automatic
Toyota Venza 2015 Silver,"Abuja (FCT), Wuse","21,000,000",Foreign Used,129692 km,Automatic
Lexus ES 350 2010 Gold,"Imo State, Owerri","8,925,000",Local Used,221450 km,Automatic
Toyota RAV4 2008 Red,"Abuja (FCT), Gudu","7,140,000",Local Used,248717 km,Automatic
Toyota Highlander 2022 White,"Lagos State, Isolo","97,760,000",Foreign Used,47985 km,Automatic
Toyota Camry 2004 Silver,"Lagos State, Isolo","4,160,000",Local Used,2106116 km,Automatic
Mercedes-Benz GLE-Class 2020 Silver,"Lagos State, Lekki","109,200,000",Foreign Used,154264 km,Automatic
Honda Accord 2018 Gray,"Lagos State, Yaba","28,080,000",Foreign Used,113637 km,Automatic
Toyota Camry 2011 Gold,"Rivers State, Port-Harcourt","9,450,000",Local Used,278832 km,CVT
Kia Sedona 2006 Silver,"Ogun State, Abeokuta North","3,150,000",Local Used,301422 km,Automatic
Lexus RX 350 2010 Gray,"Ondo State, Akure","16,800,000",Local Used,164667 km,Automatic
Toyota Highlander 2012 Blue,"Lagos State, Ikeja","23,400,000",Foreign Used,228197 km,Automatic
Hyundai Santa Fe 2017 Gray,"Lagos State, Yaba","23,651,250",Foreign Used,86657 km,Automatic
Honda Accord 2007 Gray,"Oyo State, Ibadan","2,415,000",Local Used,72715 km,Automatic
Lexus RX 350 2015 Silver,"Lagos State, Alimosho","27,300,000",Foreign Used,248538 km,Automatic
Toyota Highlander Base FWD 2004 Red,"Abuja (FCT), Lugbe District","4,904,235",Local Used,453259 km,Automatic
Chevrolet Optra 2009 Red,"Rivers State, Port-Harcourt","2,100,000",Local Used,Automatic,Automatic
Toyota Avalon 2003 Black,"Lagos State, Ojodu","4,160,000",Local Used,424439 km,Automatic
Hyundai Sonata 2009 Black,"Abuja (FCT), Gwagwalada","4,725,000",Local Used,179927 km,Automatic
Toyota Corolla 2014 Black,"Abuja (FCT), Garki 2","16,640,000",Foreign Used,93071 km,Automatic
Lexus ES 2002 Blue,"Lagos State, Lekki","5,250,000",Local Used,365708 km,Automatic
Toyota Camry 2.4 LE 2008 Blue,"Abuja (FCT), Lugbe District","7,072,000",Local Used,255204 km,Automatic
Hyundai Santa Fe 2022 Black,"Delta State, Oshimili South","27,300,000",Local Used,58011 km,Automatic
Toyota Corolla 2008 Red,"Abuja (FCT), Gwarinpa","7,072,000",Local Used,100937 km,Automatic
Mazda 626 2000 Gold,"Oyo State, Ibadan","2,100,000",Local Used,390042 km,Automatic
Toyota Camry 2007 Silver,"Oyo State, Ibadan","6,760,000",Local Used,111950 km,Automatic
Hyundai Tucson 2009 Black,"Lagos State, Ikeja","4,725,000",Local Used,332658 km,Automatic
Toyota Camry 2008 White,"Abuja (FCT), Lugbe District","4,830,000",Local Used,424806 km,Automatic
Toyota Corolla 2005 Silver,"Lagos State, Amuwo-Odofin","5,000,000",Local Used,169420 km,Automatic
Toyota Corolla 2006 Blue,"Lagos State, Amuwo-Odofin","6,240,000",Local Used,482800 km,Automatic
Honda Accord 2005 Black,"Lagos State, Isolo","2,268,000",Local Used,194416 km,Automatic
Toyota Venza 2013 White,"Lagos State, Lekki","15,600,000",Local Used,117557 km,Automatic
Toyota RAV4 2005 Silver,"Lagos State, Isolo","3,255,000",Local Used,236887 km,Automatic
Ford Fusion 2015 Burgandy,"Lagos State, Ikotun/Igando","8,925,000",Foreign Used,306572 km,Automatic
Toyota Camry 2007 Gray,"Lagos State, Ilupeju","5,934,600",Local Used,153206 km,Automatic
Toyota Corolla 2014 Gray,"Oyo State, Ibadan","12,480,000",Local Used,96337 km,Automatic
Toyota Corolla 2005 Red,"Abuja (FCT), Karu","5,040,000",Local Used,235145 km,Automatic
Toyota Corolla 2009 Silver,"Ondo State, Akure","8,320,000",Local Used,234401 km,Automatic
Mercedes-Benz M Class ML 350 4Matic 2012 White,"Lagos State, Amuwo-Odofin","18,585,000",Local Used,201262 km,Automatic
Toyota Highlander 2018 Burgandy,"Abuja (FCT), Lugbe District","42,000,000",Foreign Used,54097 km,Automatic
